-- phpMyAdmin SQL Dump
-- version 4.6.6deb4
-- https://www.phpmyadmin.net/
--
-- Počítač: localhost:3306
-- Vytvořeno: Stř 24. čec 2019, 12:21
-- Verze serveru: 10.1.38-MariaDB-0+deb9u1
-- Verze PHP: 5.6.30-0+deb8u1

SET SQL_MODE = "NO_AUTO_VALUE_ON_ZERO";
SET time_zone = "+00:00";


/*!40101 SET @OLD_CHARACTER_SET_CLIENT=@@CHARACTER_SET_CLIENT */;
/*!40101 SET @OLD_CHARACTER_SET_RESULTS=@@CHARACTER_SET_RESULTS */;
/*!40101 SET @OLD_COLLATION_CONNECTION=@@COLLATION_CONNECTION */;
/*!40101 SET NAMES utf8mb4 */;

--
-- Database: `DNS_export`
--

-- --------------------------------------------------------

--
-- Structure of the table `dataset1`
--

CREATE TABLE `dataset1` (
  `mac_address` varchar(17) NOT NULL,
  `dns_query` varchar(170) NOT NULL,
  `total_count` int(11) DEFAULT '0'
) ENGINE=InnoDB DEFAULT CHARSET=utf8mb4;

--
-- Data for table `dataset1`
--

INSERT INTO `dataset1` (`mac_address`, `dns_query`, `total_count`) VALUES
('08:11:96:86:9d:fc', '201.144.113.195.in-addr.arpa', 1),
('08:11:96:86:9d:fc', '238.144.113.195.in-addr.arpa', 1),
('08:11:96:86:9d:fc', 'eoimages.gsfc.nasa.gov', 4),
('08:11:96:86:9d:fc', 'tak.cesnet.cz', 5),
('08:11:96:86:9d:fc', 'tik.cesnet.cz', 5),
('10:02:b5:db:a1:19', '1.im.cz', 1),
('10:02:b5:db:a1:19', '25.client-channel.google.com', 3),
('10:02:b5:db:a1:19', '3.dl.delivery.mp.microsoft.com', 1),
('10:02:b5:db:a1:19', '7.dl.delivery.mp.microsoft.com', 1),
('10:02:b5:db:a1:19', '7.tlu.dl.delivery.mp.microsoft.com', 1),
('10:02:b5:db:a1:19', 'accounts.google.com', 1),
('10:02:b5:db:a1:19', 'activity.windows.com', 1),
('10:02:b5:db:a1:19', 'ads2.czc.cz', 1),
('10:02:b5:db:a1:19', 'ae01.alicdn.com', 1),
('10:02:b5:db:a1:19', 'aeproductsourcesite.alicdn.com', 1),
('10:02:b5:db:a1:19', 'agem.clipsan.com', 1),
('10:02:b5:db:a1:19', 'ajax.googleapis.com', 1),
('10:02:b5:db:a1:19', 'am3pap001.storage.live.com', 1),
('10:02:b5:db:a1:19', 'ap.spotify.com', 4),
('10:02:b5:db:a1:19', 'api.bibblio.org', 2),
('10:02:b5:db:a1:19', 'api.conrad.com', 2),
('10:02:b5:db:a1:19', 'api.github.com', 3),
('10:02:b5:db:a1:19', 'apis.google.com', 2),
('10:02:b5:db:a1:19', 'apresolve.spotify.com', 2),
('10:02:b5:db:a1:19', 'asset.conrad.com', 2),
('10:02:b5:db:a1:19', 'asset.mijnwebwinkel.nl', 2),
('10:02:b5:db:a1:19', 'assets-cdn.github.com', 2),
('10:02:b5:db:a1:19', 'assets.alicdn.com', 2),
('10:02:b5:db:a1:19', 'assets.yozio.com', 17),
('10:02:b5:db:a1:19', 'atmamos.alicdn.com', 1),
('10:02:b5:db:a1:19', 'au.download.windowsupdate.com', 1),
('10:02:b5:db:a1:19', 'avatars0.githubusercontent.com', 1),
('10:02:b5:db:a1:19', 'avatars1.githubusercontent.com', 1),
('10:02:b5:db:a1:19', 'avatars2.githubusercontent.com', 1),
('10:02:b5:db:a1:19', 'az667904.vo.msecnd.net', 2),
('10:02:b5:db:a1:19', 'bananapiwarehouse.com', 1),
('10:02:b5:db:a1:19', 'ben.crxmouse.com', 19),
('10:02:b5:db:a1:19', 'bqq.gtimg.com', 1),
('10:02:b5:db:a1:19', 'cache.datamart.windows.com', 2),
('10:02:b5:db:a1:19', 'calendar.google.com', 2),
('10:02:b5:db:a1:19', 'camo.githubusercontent.com', 2),
('10:02:b5:db:a1:19', 'cdn.havecamerawilltravel.com', 2),
('10:02:b5:db:a1:19', 'cdn.onenote.net', 1),
('10:02:b5:db:a1:19', 'ceement.rssx.hp.com', 2),
('10:02:b5:db:a1:19', 'client-office365-tas.msedge.net', 1),
('10:02:b5:db:a1:19', 'client.wns.windows.com', 2),
('10:02:b5:db:a1:19', 'clients1.google.com', 7),
('10:02:b5:db:a1:19', 'clients2.google.com', 1),
('10:02:b5:db:a1:19', 'clients4.google.com', 16),
('10:02:b5:db:a1:19', 'clients5.google.com', 1),
('10:02:b5:db:a1:19', 'clients6.google.com', 5),
('10:02:b5:db:a1:19', 'clientservices.googleapis.com', 1),
('10:02:b5:db:a1:19', 'cmap.alibaba.com', 1),
('10:02:b5:db:a1:19', 'code.jquery.com', 2),
('10:02:b5:db:a1:19', 'combo.b.qq.com', 2),
('10:02:b5:db:a1:19', 'config.edge.skype.com', 1),
('10:02:b5:db:a1:19', 'connect.facebook.net', 1),
('10:02:b5:db:a1:19', 'content.methone.hpcloud.hp.net', 1),
('10:02:b5:db:a1:19', 'coupon.aliexpress.com', 1),
('10:02:b5:db:a1:19', 'cp601-prod.do.dsp.mp.microsoft.com', 2),
('10:02:b5:db:a1:19', 'cuscochromeextension-pa.googleapis.com', 8),
('10:02:b5:db:a1:19', 'czc.cz', 1),
('10:02:b5:db:a1:19', 'd25-a.sdn.szn.cz', 1),
('10:02:b5:db:a1:19', 'd3cv4a9a9wh0bt.cloudfront.net', 2),
('10:02:b5:db:a1:19', 'd3lvr9brqkfl83.cloudfront.net', 2),
('10:02:b5:db:a1:19', 'da.qidian.qq.com', 1),
('10:02:b5:db:a1:19', 'daule5wo94k1j.cloudfront.net', 6),
('10:02:b5:db:a1:19', 'DB5SCH101110125.wns.windows.com', 1),
('10:02:b5:db:a1:19', 'DB5SCH103090616.wns.windows.com', 1),
('10:02:b5:db:a1:19', 'de06.zopim.com', 1),
('10:02:b5:db:a1:19', 'disc601-prod.do.dsp.mp.microsoft.com', 2),
('10:02:b5:db:a1:19', 'discovery-v4-2.syncthing.net', 1),
('10:02:b5:db:a1:19', 'discovery-v4-3.syncthing.net', 1),
('10:02:b5:db:a1:19', 'discovery-v4-4.syncthing.net', 6),
('10:02:b5:db:a1:19', 'discovery-v6-2.syncthing.net', 9),
('10:02:b5:db:a1:19', 'discovery-v6-3.syncthing.net', 9),
('10:02:b5:db:a1:19', 'discovery-v6-4.syncthing.net', 9),
('10:02:b5:db:a1:19', 'dl.delivery.mp.microsoft.com', 1),
('10:02:b5:db:a1:19', 'dns.msftncsi.com', 5),
('10:02:b5:db:a1:19', 'docs.google.com', 3),
('10:02:b5:db:a1:19', 'dot.zbozi.cz', 1),
('10:02:b5:db:a1:19', 'download.windowsupdate.com', 1),
('10:02:b5:db:a1:19', 'drive.google.com', 1),
('10:02:b5:db:a1:19', 'dzx5lcii1eej8.cloudfront.net', 2),
('10:02:b5:db:a1:19', 'e.banana-pi.fr', 1),
('10:02:b5:db:a1:19', 'e.so.com', 1),
('10:02:b5:db:a1:19', 'embeddedcomputer.nl', 2),
('10:02:b5:db:a1:19', 'emdl.ws.microsoft.com', 1),
('10:02:b5:db:a1:19', 'encrypted.google.com', 2),
('10:02:b5:db:a1:19', 'f-log-extension.grammarly.io', 1),
('10:02:b5:db:a1:19', 'fe2.update.microsoft.com', 1),
('10:02:b5:db:a1:19', 'fe3.delivery.mp.microsoft.com', 1),
('10:02:b5:db:a1:19', 'feedback.aliexpress.com', 1),
('10:02:b5:db:a1:19', 'fn4rgbqfzvvx3kt6cbze.44q6vt7lid5z6oacquovk5nv4rofiwi226d57ohrdxavxpgx.2l7oi7qwis3xji3dmacmu5b3eg6co4treu44mee2ehq2azqq.7gtnqgcmojat6k73.er.spotify.com', 3),
('10:02:b5:db:a1:19', 'fonts.googleapis.com', 4),
('10:02:b5:db:a1:19', 'fonts.gstatic.com', 5),
('10:02:b5:db:a1:19', 'freight.aliexpress.com', 1),
('10:02:b5:db:a1:19', 'geo-prod.do.dsp.mp.microsoft.com', 1),
('10:02:b5:db:a1:19', 'geover-prod.do.dsp.mp.microsoft.com', 3),
('10:02:b5:db:a1:19', 'github.com', 3),
('10:02:b5:db:a1:19', 'gm.symcd.com', 1),
('10:02:b5:db:a1:19', 'gmail.com', 1),
('10:02:b5:db:a1:19', 'google.com', 12),
('10:02:b5:db:a1:19', 'h19001.www1.hp.com', 1),
('10:02:b5:db:a1:19', 'h20572.www2.hp.com', 2),
('10:02:b5:db:a1:19', 'hangouts.google.com', 1),
('10:02:b5:db:a1:19', 'havecamerawilltravel.com', 1),
('10:02:b5:db:a1:19', 'hb.crm2.qq.com', 1),
('10:02:b5:db:a1:19', 'heise-de.arc.epoq.de', 1),
('10:02:b5:db:a1:19', 'heureka.cz', 1),
('10:02:b5:db:a1:19', 'i.alicdn.com', 1),
('10:02:b5:db:a1:19', 'i.czc.cz', 1),
('10:02:b5:db:a1:19', 'id.google.cz', 1),
('10:02:b5:db:a1:19', 'ieonlinews.microsoft.com', 1),
('10:02:b5:db:a1:19', 'im9.cz', 5),
('10:02:b5:db:a1:19', 'images-na.ssl-images-amazon.com', 2),
('10:02:b5:db:a1:19', 'images.bibblio.org', 2),
('10:02:b5:db:a1:19', 'is.alicdn.com', 1),
('10:02:b5:db:a1:19', 'isdspeed.qq.com', 1),
('10:02:b5:db:a1:19', 'kv601-prod.do.dsp.mp.microsoft.com', 1),
('10:02:b5:db:a1:19', 'kvvuaawe6qifqcyn63jq.3nsrd2qkubssrawwrmh6fhyplp4qr2i4mtjcm3e6d7q6hprh.vqtjnwwugo42vpwupleiculhtusydphnsxvcuojwbcjzp46u.u7fdtuaoys6iijnr.er.spotify.com', 2),
('10:02:b5:db:a1:19', 'lh3.googleusercontent.com', 2),
('10:02:b5:db:a1:19', 'lh4.googleusercontent.com', 3),
('10:02:b5:db:a1:19', 'lh5.googleusercontent.com', 3),
('10:02:b5:db:a1:19', 'lh6.googleusercontent.com', 2),
('10:02:b5:db:a1:19', 'lighthouse.aliexpress.com', 1),
('10:02:b5:db:a1:19', 'live.github.com', 1),
('10:02:b5:db:a1:19', 'login.live.com', 2),
('10:02:b5:db:a1:19', 'login.szn.cz', 1),
('10:02:b5:db:a1:19', 'logos.tlecdn.net', 1),
('10:02:b5:db:a1:19', 'mail.google.com', 3),
('10:02:b5:db:a1:19', 'maxcdn.bootstrapcdn.com', 3),
('10:02:b5:db:a1:19', 'message.aliexpress.com', 1),
('10:02:b5:db:a1:19', 'moduleanalysis.aliexpress.com', 1),
('10:02:b5:db:a1:19', 'mtalk.google.com', 1),
('10:02:b5:db:a1:19', 'my.aliexpress.com', 1),
('10:02:b5:db:a1:19', 'newsletter.alternate.de', 2),
('10:02:b5:db:a1:19', 'nexus.officeapps.live.com', 2),
('10:02:b5:db:a1:19', 'nexusrules.officeapps.live.com', 1),
('10:02:b5:db:a1:19', 'notifications.google.com', 4),
('10:02:b5:db:a1:19', 'ocsp.comodoca.com', 1),
('10:02:b5:db:a1:19', 'ocsp.digicert.com', 1),
('10:02:b5:db:a1:19', 'officeclient.microsoft.com', 1),
('10:02:b5:db:a1:19', 'ogs.google.com', 8),
('10:02:b5:db:a1:19', 'ols.officeapps.live.com', 1),
('10:02:b5:db:a1:19', 'pametove-karty-micro-sd.heureka.cz', 3),
('10:02:b5:db:a1:19', 'pametove-karty.heureka.cz', 5),
('10:02:b5:db:a1:19', 'pca-g3-ocsp.geotrust.com', 1),
('10:02:b5:db:a1:19', 'people-pa.clients6.google.com', 1),
('10:02:b5:db:a1:19', 'platform.twitter.com', 1),
('10:02:b5:db:a1:19', 'play.google.com', 10),
('10:02:b5:db:a1:19', 'plus.google.com', 1),
('10:02:b5:db:a1:19', 'prom.b.qq.com', 1),
('10:02:b5:db:a1:19', 'promotion.aliexpress.com', 1),
('10:02:b5:db:a1:19', 'relays.syncthing.net', 1),
('10:02:b5:db:a1:19', 'rlx.sk', 1),
('10:02:b5:db:a1:19', 'rs.epoq.de', 1),
('10:02:b5:db:a1:19', 'rtp.persoo.cz', 9),
('10:02:b5:db:a1:19', 's.union.360.cn', 1),
('10:02:b5:db:a1:19', 's0.qhimg.com', 1),
('10:02:b5:db:a1:19', 's2.googleusercontent.com', 1),
('10:02:b5:db:a1:19', 'safebrowsing.googleapis.com', 4),
('10:02:b5:db:a1:19', 'safebrowsing.googleusercontent.com', 1),
('10:02:b5:db:a1:19', 'sb-components.glopal.com', 2),
('10:02:b5:db:a1:19', 'scontent-ams3-1.xx.fbcdn.net', 1),
('10:02:b5:db:a1:19', 'serve.productads.cz', 7),
('10:02:b5:db:a1:19', 'service.weather.microsoft.com', 2),
('10:02:b5:db:a1:19', 'settings-win.data.microsoft.com', 1),
('10:02:b5:db:a1:19', 'shop.heise.de', 2),
('10:02:b5:db:a1:19', 'sls.update.microsoft.com', 1),
('10:02:b5:db:a1:19', 'spclient.wg.spotify.com', 3),
('10:02:b5:db:a1:19', 'spsprodch1su1dedicatedsb12.servicebus.windows.net', 4),
('10:02:b5:db:a1:19', 'ssl.gstatic.com', 9),
('10:02:b5:db:a1:19', 'stat.heiseshop.de', 1),
('10:02:b5:db:a1:19', 'static.mijnwebwinkel.nl', 2),
('10:02:b5:db:a1:19', 'static.tme.eu', 1),
('10:02:b5:db:a1:19', 'static1.tme.eu', 2),
('10:02:b5:db:a1:19', 'static2.tme.eu', 1),
('10:02:b5:db:a1:19', 'static3.tme.eu', 2),
('10:02:b5:db:a1:19', 'static4.tme.eu', 2),
('10:02:b5:db:a1:19', 'staticxx.facebook.com', 1),
('10:02:b5:db:a1:19', 'storagetos.datamart.windows.com', 1),
('10:02:b5:db:a1:19', 'sudf-api.hpcloud.hp.com', 1),
('10:02:b5:db:a1:19', 'sudf-resources.hpcloud.hp.com', 3),
('10:02:b5:db:a1:19', 'syndication.twitter.com', 1),
('10:02:b5:db:a1:19', 'tajs.qq.com', 1),
('10:02:b5:db:a1:19', 'themes.googleusercontent.com', 1),
('10:02:b5:db:a1:19', 'tile-service.weather.microsoft.com', 2),
('10:02:b5:db:a1:19', 'tj.symcb.com', 1),
('10:02:b5:db:a1:19', 'tools.google.com', 1),
('10:02:b5:db:a1:19', 'translate.google.com', 1),
('10:02:b5:db:a1:19', 'translate.googleapis.com', 2),
('10:02:b5:db:a1:19', 'tsfe.trafficshaping.dsp.mp.microsoft.com', 1),
('10:02:b5:db:a1:19', 'v10.vortex-win.data.microsoft.com', 1),
('10:02:b5:db:a1:19', 'v2.zopim.com', 1),
('10:02:b5:db:a1:19', 'visitor.crm2.qq.com', 1),
('10:02:b5:db:a1:19', 'visualstudio-devdiv-c2s.msedge.net', 2),
('10:02:b5:db:a1:19', 'vortex.data.microsoft.com', 1),
('10:02:b5:db:a1:19', 'wdcp.microsoft.com', 1),
('10:02:b5:db:a1:19', 'whp-aus2.cold.extweb.hp.com', 1),
('10:02:b5:db:a1:19', 'win10.ipv6.microsoft.com', 10),
('10:02:b5:db:a1:19', 'wpa.b.qq.com', 1),
('10:02:b5:db:a1:19', 'wpl.b.qq.com', 1),
('10:02:b5:db:a1:19', 'ww5.banana-pi-shop.com', 2),
('10:02:b5:db:a1:19', 'www-gm-opensocial.googleusercontent.com', 1),
('10:02:b5:db:a1:19', 'www-opensocial.googleusercontent.com', 1),
('10:02:b5:db:a1:19', 'www.agem.cz', 5),
('10:02:b5:db:a1:19', 'www.aliexpress.com', 3),
('10:02:b5:db:a1:19', 'www.allchips.com', 1),
('10:02:b5:db:a1:19', 'www.allnet.at', 4),
('10:02:b5:db:a1:19', 'www.alternate.de', 3),
('10:02:b5:db:a1:19', 'www.armboard.de', 2),
('10:02:b5:db:a1:19', 'www.banana-pi-shop.com', 6),
('10:02:b5:db:a1:19', 'www.banana-pi.net', 1),
('10:02:b5:db:a1:19', 'www.banana-pi.org', 1),
('10:02:b5:db:a1:19', 'www.bing.com', 1),
('10:02:b5:db:a1:19', 'www.conrad.de', 1),
('10:02:b5:db:a1:19', 'www.czc.cz', 1),
('10:02:b5:db:a1:19', 'www.facebook.com', 2),
('10:02:b5:db:a1:19', 'www.google.com', 8),
('10:02:b5:db:a1:19', 'www.google.cz', 8),
('10:02:b5:db:a1:19', 'www.googleapis.com', 6),
('10:02:b5:db:a1:19', 'www.gstatic.com', 3),
('10:02:b5:db:a1:19', 'www.hamty.cz', 2),
('10:02:b5:db:a1:19', 'www.heureka.cz', 7),
('10:02:b5:db:a1:19', 'www.howsmyssl.com', 1),
('10:02:b5:db:a1:19', 'www.huramobil.cz', 1),
('10:02:b5:db:a1:19', 'www.knowhowtec.de', 2),
('10:02:b5:db:a1:19', 'www.maker-shop.nl', 2),
('10:02:b5:db:a1:19', 'www.msftconnecttest.com', 2),
('10:02:b5:db:a1:19', 'www.rasppishop.de', 4),
('10:02:b5:db:a1:19', 'www.rlx.sk', 1),
('10:02:b5:db:a1:19', 'www.rothirsch.tech', 2),
('10:02:b5:db:a1:19', 'www.tannatechbiz.com', 1),
('10:02:b5:db:a1:19', 'www.tme.eu', 1),
('10:02:b5:db:a1:19', 'www.varia.org', 6),
('10:02:b5:db:a1:19', 'www.youtube.com', 2),
('10:02:b5:db:a1:19', 'www.zbozi.cz', 1),
('10:02:b5:db:a1:19', 'x', 1),
('10:02:b5:db:a1:19', 'zbozi.cz', 1),
('10:30:47:67:e1:bb', '10.im.cz', 1),
('10:30:47:67:e1:bb', 'ad.doubleclick.net', 1),
('10:30:47:67:e1:bb', 'ads.pubmatic.com', 1),
('10:30:47:67:e1:bb', 'android.clients.google.com', 2),
('10:30:47:67:e1:bb', 'android.googleapis.com', 1),
('10:30:47:67:e1:bb', 'api.accuweather.com', 1),
('10:30:47:67:e1:bb', 'c.imedia.cz', 1),
('10:30:47:67:e1:bb', 'c1.adform.net', 1),
('10:30:47:67:e1:bb', 'chromecontentsuggestions-pa.googleapis.com', 1),
('10:30:47:67:e1:bb', 'clients3.google.com', 1),
('10:30:47:67:e1:bb', 'clients4.google.com', 1),
('10:30:47:67:e1:bb', 'clientservices.googleapis.com', 1),
('10:30:47:67:e1:bb', 'cliqpnvh', 1),
('10:30:47:67:e1:bb', 'cm.g.doubleclick.net', 1),
('10:30:47:67:e1:bb', 'cyrus.cesnet.cz', 1),
('10:30:47:67:e1:bb', 'cz-gmtdmp.mookie1.com', 1),
('10:30:47:67:e1:bb', 'cz2.pliing.com', 1),
('10:30:47:67:e1:bb', 'decide.mixpanel.com', 2),
('10:30:47:67:e1:bb', 'downloads.circlegate.com', 2),
('10:30:47:67:e1:bb', 'e.crashlytics.com', 2),
('10:30:47:67:e1:bb', 'elb-p-dms-dls-uw1-737189181.us-west-1.elb.amazonaws.com', 1),
('10:30:47:67:e1:bb', 'ew1.reg.bigdata.ssp.samsung.com', 1),
('10:30:47:67:e1:bb', 'fimg-resp.seznam.cz', 1),
('10:30:47:67:e1:bb', 'geo-um.btrll.com', 1),
('10:30:47:67:e1:bb', 'h.imedia.cz', 1),
('10:30:47:67:e1:bb', 'hddotzutyvdtn', 1),
('10:30:47:67:e1:bb', 'i.imedia.cz', 1),
('10:30:47:67:e1:bb', 'ib.adnxs.com', 1),
('10:30:47:67:e1:bb', 'image2.pubmatic.com', 1),
('10:30:47:67:e1:bb', 'image4.pubmatic.com', 1),
('10:30:47:67:e1:bb', 'image6.pubmatic.com', 1),
('10:30:47:67:e1:bb', 'inzftrwszrrmofr', 1),
('10:30:47:67:e1:bb', 'kazi.fit.vutbr.cz', 1),
('10:30:47:67:e1:bb', 'ls.hit.gemius.pl', 1),
('10:30:47:67:e1:bb', 'm.novinky.cz', 1),
('10:30:47:67:e1:bb', 'match.adsrvr.org', 1),
('10:30:47:67:e1:bb', 'mds.pliing.com', 1),
('10:30:47:67:e1:bb', 'mds3.pliing.com', 1),
('10:30:47:67:e1:bb', 'media.licdn.com', 1),
('10:30:47:67:e1:bb', 'mtalk4.google.com', 2),
('10:30:47:67:e1:bb', 'odr.mookie1.com', 1),
('10:30:47:67:e1:bb', 'p.adsymptotic.com', 1),
('10:30:47:67:e1:bb', 'p.rfihub.com', 1),
('10:30:47:67:e1:bb', 'play.googleapis.com', 2),
('10:30:47:67:e1:bb', 'playatoms-pa.googleapis.com', 1),
('10:30:47:67:e1:bb', 'pliing.com', 1),
('10:30:47:67:e1:bb', 'pr-bh.ybp.yahoo.com', 1),
('10:30:47:67:e1:bb', 'pxl.jivox.com', 1),
('10:30:47:67:e1:bb', 'rtb.imedia.cz', 1),
('10:30:47:67:e1:bb', 's.imedia.cz', 1),
('10:30:47:67:e1:bb', 's2.googleusercontent.com', 1),
('10:30:47:67:e1:bb', 'secure.adnxs.com', 1),
('10:30:47:67:e1:bb', 'settings.crashlytics.com', 1),
('10:30:47:67:e1:bb', 'simage2.pubmatic.com', 1),
('10:30:47:67:e1:bb', 'simage4.pubmatic.com', 1),
('10:30:47:67:e1:bb', 'spir.hit.gemius.pl', 1),
('10:30:47:67:e1:bb', 'ssl.google-analytics.com', 2),
('10:30:47:67:e1:bb', 'ssl.gstatic.com', 1),
('10:30:47:67:e1:bb', 'static-tagr.gd1.mookie1.com', 1),
('10:30:47:67:e1:bb', 'sync-tm.everesttech.net', 1),
('10:30:47:67:e1:bb', 'sync.adaptv.advertising.com', 1),
('10:30:47:67:e1:bb', 'sync.mathtag.com', 1),
('10:30:47:67:e1:bb', 'sync.rhythmxchange.com', 1),
('10:30:47:67:e1:bb', 't0.gstatic.com', 1),
('10:30:47:67:e1:bb', 't2.gstatic.com', 1),
('10:30:47:67:e1:bb', 'track.adform.net', 1),
('10:30:47:67:e1:bb', 'umengjmacs.m.taobao.com', 2),
('10:30:47:67:e1:bb', 'update.googleapis.com', 1),
('10:30:47:67:e1:bb', 'usync.nexage.com', 1),
('10:30:47:67:e1:bb', 'wsandroid.circlegate.com', 1),
('10:30:47:67:e1:bb', 'www.google.com', 3),
('10:30:47:67:e1:bb', 'www.google.cz', 1),
('10:30:47:67:e1:bb', 'www.googleapis.com', 6),
('10:30:47:67:e1:bb', 'www.linkedin.com', 1),
('10:30:47:a3:6b:e5', 'accounts.google.com', 1),
('10:30:47:a3:6b:e5', 'adservice.google.cz', 1),
('10:30:47:a3:6b:e5', 'android.clients.google.com', 3),
('10:30:47:a3:6b:e5', 'android.googleapis.com', 2),
('10:30:47:a3:6b:e5', 'api.zomato.com', 2),
('10:30:47:a3:6b:e5', 'app-measurement.com', 1),
('10:30:47:a3:6b:e5', 'app.konotor.com', 2),
('10:30:47:a3:6b:e5', 'cdn.ampproject.org', 1),
('10:30:47:a3:6b:e5', 'clients3.google.com', 26),
('10:30:47:a3:6b:e5', 'dl.google.com', 1),
('10:30:47:a3:6b:e5', 'edge-mqtt.facebook.com', 3),
('10:30:47:a3:6b:e5', 'graph.facebook.com', 2),
('10:30:47:a3:6b:e5', 'id.google.cz', 1),
('10:30:47:a3:6b:e5', 'meteor.udplogger.androworks.org', 2),
('10:30:47:a3:6b:e5', 'mqtt-p4.facebook.com', 3),
('10:30:47:a3:6b:e5', 'mtalk4.google.com', 2),
('10:30:47:a3:6b:e5', 'ospedvn', 1),
('10:30:47:a3:6b:e5', 'pbzdkdxfbjkkk', 1),
('10:30:47:a3:6b:e5', 'pool.ntp.org', 2),
('10:30:47:a3:6b:e5', 'portal.fb.com', 1),
('10:30:47:a3:6b:e5', 'prace.bazos.cz', 1),
('10:30:47:a3:6b:e5', 'safebrowsing.google.com', 1),
('10:30:47:a3:6b:e5', 'settings.crashlytics.com', 2),
('10:30:47:a3:6b:e5', 'translate.google.com', 1),
('10:30:47:a3:6b:e5', 'translate.googleapis.com', 2),
('10:30:47:a3:6b:e5', 'udgcppposzumrj', 1),
('10:30:47:a3:6b:e5', 'www.annonce.cz', 1),
('10:30:47:a3:6b:e5', 'www.evernote.com', 1),
('10:30:47:a3:6b:e5', 'www.google.com', 2),
('10:30:47:a3:6b:e5', 'www.google.cz', 1),
('10:30:47:a3:6b:e5', 'www.googleadservices.com', 1),
('10:30:47:a3:6b:e5', 'www.googleapis.com', 3),
('40:40:a7:ba:5f:73', '2.android.pool.ntp.org', 3),
('40:40:a7:ba:5f:73', '2.meteor.androworks.org', 1),
('40:40:a7:ba:5f:73', 'accounts.google.com', 1),
('40:40:a7:ba:5f:73', 'aladin.spekacek.com', 1),
('40:40:a7:ba:5f:73', 'aladin.udplogger.androworks.org', 2),
('40:40:a7:ba:5f:73', 'aladin2.spekacek.com', 1),
('40:40:a7:ba:5f:73', 'android.clients.google.com', 7),
('40:40:a7:ba:5f:73', 'android.googleapis.com', 1),
('40:40:a7:ba:5f:73', 'b-api.facebook.com', 2),
('40:40:a7:ba:5f:73', 'buqnltrkfn', 1),
('40:40:a7:ba:5f:73', 'bvtctdi', 1),
('40:40:a7:ba:5f:73', 'chromecontentsuggestions-pa.googleapis.com', 1),
('40:40:a7:ba:5f:73', 'clients3.google.com', 4),
('40:40:a7:ba:5f:73', 'clients4.google.com', 1),
('40:40:a7:ba:5f:73', 'cloudconfig.googleapis.com', 1),
('40:40:a7:ba:5f:73', 'connectivitycheck.gstatic.com', 1),
('40:40:a7:ba:5f:73', 'dl.google.com', 2),
('40:40:a7:ba:5f:73', 'e.crashlytics.com', 1),
('40:40:a7:ba:5f:73', 'e16.whatsapp.net', 1),
('40:40:a7:ba:5f:73', 'e7.whatsapp.net', 2),
('40:40:a7:ba:5f:73', 'edge-mqtt.facebook.com', 6),
('40:40:a7:ba:5f:73', 'graph.facebook.com', 7),
('40:40:a7:ba:5f:73', 'i.ytimg.com', 1),
('40:40:a7:ba:5f:73', 'klara.udplogger.androworks.org', 4),
('40:40:a7:ba:5f:73', 'luygkmmujepaj', 1),
('40:40:a7:ba:5f:73', 'm.facebook.com', 1),
('40:40:a7:ba:5f:73', 'mail.google.com', 1),
('40:40:a7:ba:5f:73', 'meteor.udplogger.androworks.org', 2),
('40:40:a7:ba:5f:73', 'mqtt-mini.facebook.com', 6),
('40:40:a7:ba:5f:73', 'mtalk.google.com', 1),
('40:40:a7:ba:5f:73', 'ntp.nict.jp', 1),
('40:40:a7:ba:5f:73', 'play.googleapis.com', 2),
('40:40:a7:ba:5f:73', 'portal.fb.com', 1),
('40:40:a7:ba:5f:73', 'pubtran-backend.mapy.cz', 1),
('40:40:a7:ba:5f:73', 'safebrowsing.google.com', 1),
('40:40:a7:ba:5f:73', 'scontent-ams3-1.xx.fbcdn.net', 1),
('40:40:a7:ba:5f:73', 'scontent.xx.fbcdn.net', 1),
('40:40:a7:ba:5f:73', 'settings.crashlytics.com', 4),
('40:40:a7:ba:5f:73', 'srv1.shouldianswer.net', 1),
('40:40:a7:ba:5f:73', 'srv2.shouldianswer.net', 1),
('40:40:a7:ba:5f:73', 'translate.google.com', 1),
('40:40:a7:ba:5f:73', 'translate.googleapis.com', 3),
('40:40:a7:ba:5f:73', 'www.google.com', 4),
('40:40:a7:ba:5f:73', 'www.google.cz', 1),
('40:40:a7:ba:5f:73', 'www.googleadservices.com', 1),
('40:40:a7:ba:5f:73', 'www.googleapis.com', 3),
('40:40:a7:ba:5f:73', 'www.googletagmanager.com', 2),
('40:40:a7:ba:5f:73', 'www.gstatic.com', 2),
('40:40:a7:ba:5f:73', 'www.youtube.com', 1),
('40:40:a7:ba:5f:73', 'youtubei.googleapis.com', 1),
('70:28:8b:a3:eb:a3', 'android.clients.google.com', 3),
('70:28:8b:a3:eb:a3', 'b-graph.facebook.com', 1),
('70:28:8b:a3:eb:a3', 'clients4.google.com', 1),
('70:28:8b:a3:eb:a3', 'connectivitycheck.gstatic.com', 2),
('70:28:8b:a3:eb:a3', 'edge-mqtt.facebook.com', 5),
('70:28:8b:a3:eb:a3', 'graph.facebook.com', 4),
('70:28:8b:a3:eb:a3', 'mqtt-mini.facebook.com', 5),
('70:28:8b:a3:eb:a3', 'mtalk.google.com', 1),
('70:28:8b:a3:eb:a3', 'play.googleapis.com', 1),
('70:28:8b:a3:eb:a3', 'ssl.gstatic.com', 1),
('70:28:8b:a3:eb:a3', 'www.google.com', 5),
('70:28:8b:a3:eb:a3', 'www.google.cz', 1),
('70:28:8b:a3:eb:a3', 'www.googleapis.com', 3),
('70:28:8b:a3:eb:a3', 'www.gstatic.com', 1),
('8c:be:be:0e:3e:2a', 'abtest.mistat.xiaomi.com', 2),
('8c:be:be:0e:3e:2a', 'accounts.google.com', 1),
('8c:be:be:0e:3e:2a', 'ajax.aspnetcdn.com', 1),
('8c:be:be:0e:3e:2a', 'ajax.googleapis.com', 1),
('8c:be:be:0e:3e:2a', 'android.clients.google.com', 1),
('8c:be:be:0e:3e:2a', 'android.googleapis.com', 1),
('8c:be:be:0e:3e:2a', 'api.accounts.firefox.com', 14),
('8c:be:be:0e:3e:2a', 'api.imgur.com', 1),
('8c:be:be:0e:3e:2a', 'api.nextgen.guardianapps.co.uk', 1),
('8c:be:be:0e:3e:2a', 'api.sec.miui.com', 33),
('8c:be:be:0e:3e:2a', 'api.traq.li', 1),
('8c:be:be:0e:3e:2a', 'app.adjust.com', 1),
('8c:be:be:0e:3e:2a', 'app.chat.xiaomi.net', 1),
('8c:be:be:0e:3e:2a', 'asia.pool.ntp.org', 16),
('8c:be:be:0e:3e:2a', 'assets.guim.co.uk', 1),
('8c:be:be:0e:3e:2a', 'assets.quranexplorer.com', 1),
('8c:be:be:0e:3e:2a', 'aus5.mozilla.org', 1),
('8c:be:be:0e:3e:2a', 'av.cncenter.cz', 1),
('8c:be:be:0e:3e:2a', 'b-api.facebook.com', 4),
('8c:be:be:0e:3e:2a', 'b-graph.facebook.com', 1),
('8c:be:be:0e:3e:2a', 'blocklists.settings.services.mozilla.com', 1),
('8c:be:be:0e:3e:2a', 'cdn.ebaumsworld.com', 1),
('8c:be:be:0e:3e:2a', 'cdn.feeds.ibt.com', 1),
('8c:be:be:0e:3e:2a', 'cdnvideo.ibt.com', 1),
('8c:be:be:0e:3e:2a', 'clients1.google.cz', 2),
('8c:be:be:0e:3e:2a', 'clients4.google.com', 1),
('8c:be:be:0e:3e:2a', 'cloudconfig.googleapis.com', 3),
('8c:be:be:0e:3e:2a', 'code.jquery.com', 2),
('8c:be:be:0e:3e:2a', 'config.mobile.yahoo.com', 1),
('8c:be:be:0e:3e:2a', 'connect.facebook.net', 3),
('8c:be:be:0e:3e:2a', 'connectivitycheck.gstatic.com', 1),
('8c:be:be:0e:3e:2a', 'content.jwplatform.com', 1),
('8c:be:be:0e:3e:2a', 'cs.m.wikipedia.org', 2),
('8c:be:be:0e:3e:2a', 'cs.wikipedia.org', 1),
('8c:be:be:0e:3e:2a', 'd32-a.sdn.szn.cz', 1),
('8c:be:be:0e:3e:2a', 'd48-a.sdn.szn.cz', 1),
('8c:be:be:0e:3e:2a', 'data.mistat.xiaomi.com', 26),
('8c:be:be:0e:3e:2a', 'devexpert.fcawx.net', 1),
('8c:be:be:0e:3e:2a', 'easylist.to', 1),
('8c:be:be:0e:3e:2a', 'edge-chat.facebook.com', 1),
('8c:be:be:0e:3e:2a', 'edge-mqtt.facebook.com', 10),
('8c:be:be:0e:3e:2a', 'encrypted-tbn0.gstatic.com', 4),
('8c:be:be:0e:3e:2a', 'encrypted-tbn1.gstatic.com', 2),
('8c:be:be:0e:3e:2a', 'encrypted-tbn2.gstatic.com', 2),
('8c:be:be:0e:3e:2a', 'encrypted-tbn3.gstatic.com', 1),
('8c:be:be:0e:3e:2a', 'fimg-resp.seznam.cz', 2),
('8c:be:be:0e:3e:2a', 'find.api.micloud.xiaomi.net', 1),
('8c:be:be:0e:3e:2a', 'firefox.settings.services.mozilla.com', 3),
('8c:be:be:0e:3e:2a', 'fonts.googleapis.com', 1),
('8c:be:be:0e:3e:2a', 'fonts.gstatic.com', 1),
('8c:be:be:0e:3e:2a', 'geo.seznam.cz', 1),
('8c:be:be:0e:3e:2a', 'google.com', 4),
('8c:be:be:0e:3e:2a', 'googleads.g.doubleclick.net', 1),
('8c:be:be:0e:3e:2a', 'graph.facebook.com', 13),
('8c:be:be:0e:3e:2a', 'hm.xiaomi.com', 9),
('8c:be:be:0e:3e:2a', 'i.guim.co.uk', 1),
('8c:be:be:0e:3e:2a', 'i.imgur.com', 1),
('8c:be:be:0e:3e:2a', 'i.ytimg.com', 1),
('8c:be:be:0e:3e:2a', 'i0.kym-cdn.com', 1),
('8c:be:be:0e:3e:2a', 'i1.ytimg.com', 1),
('8c:be:be:0e:3e:2a', 'imap.fit.vutbr.cz', 22),
('8c:be:be:0e:3e:2a', 'img.blesk.cz', 1),
('8c:be:be:0e:3e:2a', 'img.cncenter.cz', 1),
('8c:be:be:0e:3e:2a', 'img.e15.cz', 1),
('8c:be:be:0e:3e:2a', 'img.youtube.com', 1),
('8c:be:be:0e:3e:2a', 'img1.wsimg.com', 1),
('8c:be:be:0e:3e:2a', 'imgur.com', 1),
('8c:be:be:0e:3e:2a', 'incoming.telemetry.mozilla.org', 4),
('8c:be:be:0e:3e:2a', 'islamicsupremecouncil.org', 1),
('8c:be:be:0e:3e:2a', 'kazi.fit.vutbr.cz', 24),
('8c:be:be:0e:3e:2a', 'lh3.googleusercontent.com', 1),
('8c:be:be:0e:3e:2a', 'lh4.googleusercontent.com', 1),
('8c:be:be:0e:3e:2a', 'login.wikimedia.org', 1),
('8c:be:be:0e:3e:2a', 'lookaside.fbsbx.com', 1),
('8c:be:be:0e:3e:2a', 'm.facebook.com', 3),
('8c:be:be:0e:3e:2a', 'm.imgur.com', 1),
('8c:be:be:0e:3e:2a', 'm.odpovedi.cz', 1),
('8c:be:be:0e:3e:2a', 'm.vk.com', 3),
('8c:be:be:0e:3e:2a', 'm.youtube.com', 1),
('8c:be:be:0e:3e:2a', 'mail.grantcapital.cz', 46),
('8c:be:be:0e:3e:2a', 'mail.wollo.eu', 46),
('8c:be:be:0e:3e:2a', 'mini5.opera-mini.net', 1),
('8c:be:be:0e:3e:2a', 'mirror.cedia.org.ec', 1),
('8c:be:be:0e:3e:2a', 'mqtt-mini.facebook.com', 9),
('8c:be:be:0e:3e:2a', 'mqtt-p4.facebook.com', 1),
('8c:be:be:0e:3e:2a', 'mtalk.google.com', 1),
('8c:be:be:0e:3e:2a', 'mtu.bluemailapp.com', 1),
('8c:be:be:0e:3e:2a', 'oauth.accounts.firefox.com', 1),
('8c:be:be:0e:3e:2a', 'ocsp.digicert.com', 1),
('8c:be:be:0e:3e:2a', 'office2.cesnet.cz', 38),
('8c:be:be:0e:3e:2a', 'outlook.office365.com', 9),
('8c:be:be:0e:3e:2a', 'pbs.twimg.com', 1),
('8c:be:be:0e:3e:2a', 'pics.me.me', 1),
('8c:be:be:0e:3e:2a', 'platform.twitter.com', 2),
('8c:be:be:0e:3e:2a', 'play.googleapis.com', 10),
('8c:be:be:0e:3e:2a', 'portal.fb.com', 10),
('8c:be:be:0e:3e:2a', 'profile.accounts.firefox.com', 14),
('8c:be:be:0e:3e:2a', 'ps.ibt.com', 1),
('8c:be:be:0e:3e:2a', 'r2---sn-2gb7sn7s.googlevideo.com', 2),
('8c:be:be:0e:3e:2a', 'r2---sn-4g5ednss.googlevideo.com', 1),
('8c:be:be:0e:3e:2a', 'r4---sn-cgovpm-cg9e.googlevideo.com', 1),
('8c:be:be:0e:3e:2a', 'raw.githubusercontent.com', 5),
('8c:be:be:0e:3e:2a', 'read.quranexplorer.com', 1),
('8c:be:be:0e:3e:2a', 'resolver.msg.xiaomi.net', 1),
('8c:be:be:0e:3e:2a', 'rupload.facebook.com', 1),
('8c:be:be:0e:3e:2a', 's.imgur.com', 1),
('8c:be:be:0e:3e:2a', 's.newsweek.com', 1),
('8c:be:be:0e:3e:2a', 's.ytimg.com', 1),
('8c:be:be:0e:3e:2a', 'safebrowsing-cache.google.com', 2),
('8c:be:be:0e:3e:2a', 'safebrowsing.google.com', 3),
('8c:be:be:0e:3e:2a', 'scontent-ams3-1.xx.fbcdn.net', 1),
('8c:be:be:0e:3e:2a', 'scontent.xx.fbcdn.net', 1),
('8c:be:be:0e:3e:2a', 'sdkconfig.ad.intl.xiaomi.com', 2),
('8c:be:be:0e:3e:2a', 'search.services.mozilla.com', 1),
('8c:be:be:0e:3e:2a', 'search.seznam.cz', 1),
('8c:be:be:0e:3e:2a', 'services.addons.mozilla.org', 1),
('8c:be:be:0e:3e:2a', 'settings.crashlytics.com', 11),
('8c:be:be:0e:3e:2a', 'shavar.services.mozilla.com', 1),
('8c:be:be:0e:3e:2a', 'snippets.cdn.mozilla.net', 1),
('8c:be:be:0e:3e:2a', 'ssl.google-analytics.com', 3),
('8c:be:be:0e:3e:2a', 'ssl.p.jwpcdn.com', 1),
('8c:be:be:0e:3e:2a', 'static.xx.fbcdn.net', 1),
('8c:be:be:0e:3e:2a', 'staticxx.facebook.com', 1),
('8c:be:be:0e:3e:2a', 'stats.g.doubleclick.net', 1),
('8c:be:be:0e:3e:2a', 'storeconfig.mistat.intl.xiaomi.com', 5),
('8c:be:be:0e:3e:2a', 'suggest.seznam.cz', 1),
('8c:be:be:0e:3e:2a', 'sync-457-us-west-2.sync.services.mozilla.com', 13),
('8c:be:be:0e:3e:2a', 'syndication.twitter.com', 2),
('8c:be:be:0e:3e:2a', 't2.symcb.com', 1),
('8c:be:be:0e:3e:2a', 'tag.getdrip.com', 1),
('8c:be:be:0e:3e:2a', 'ti.symcd.com', 1),
('8c:be:be:0e:3e:2a', 'token.services.mozilla.com', 14),
('8c:be:be:0e:3e:2a', 'topspyingapps.com', 1),
('8c:be:be:0e:3e:2a', 'tracking.intl.miui.com', 2),
('8c:be:be:0e:3e:2a', 'upload.wikimedia.org', 1),
('8c:be:be:0e:3e:2a', 'us.find.api.micloud.xiaomi.net', 1),
('8c:be:be:0e:3e:2a', 'us.wifiapi.micloud.xiaomi.net', 1),
('8c:be:be:0e:3e:2a', 'versioncheck-bg.addons.mozilla.org', 1),
('8c:be:be:0e:3e:2a', 'vk.com', 3),
('8c:be:be:0e:3e:2a', 'weatherapi.market.xiaomi.com', 1),
('8c:be:be:0e:3e:2a', 'www.alansvejk.com', 1),
('8c:be:be:0e:3e:2a', 'www.blesk.cz', 1),
('8c:be:be:0e:3e:2a', 'www.facebook.com', 4),
('8c:be:be:0e:3e:2a', 'www.google-analytics.com', 1),
('8c:be:be:0e:3e:2a', 'www.google.com', 10),
('8c:be:be:0e:3e:2a', 'www.google.cz', 7),
('8c:be:be:0e:3e:2a', 'www.googleapis.com', 2),
('8c:be:be:0e:3e:2a', 'www.gstatic.com', 1),
('8c:be:be:0e:3e:2a', 'www.malwaredomainlist.com', 1),
('8c:be:be:0e:3e:2a', 'www.mobilmania.cz', 1),
('8c:be:be:0e:3e:2a', 'www.newsweek.com', 1),
('8c:be:be:0e:3e:2a', 'www.odpovedi.cz', 1),
('8c:be:be:0e:3e:2a', 'www.seznam.cz', 1),
('8c:be:be:0e:3e:2a', 'www.theguardian.com', 1),
('8c:be:be:0e:3e:2a', 'www.zive.cz', 1),
('8c:be:be:0e:3e:2a', 'yt3.ggpht.com', 1),
('8c:be:be:0e:3e:2a', 'zrk.imgur.com', 3),
('a4:70:d6:c8:9c:c0', '2.android.pool.ntp.org', 2),
('a4:70:d6:c8:9c:c0', 'alt7-mtalk.google.com', 1),
('a4:70:d6:c8:9c:c0', 'android.clients.google.com', 2),
('a4:70:d6:c8:9c:c0', 'argo.svcmot.com', 1),
('a4:70:d6:c8:9c:c0', 'b-api.facebook.com', 1),
('a4:70:d6:c8:9c:c0', 'clients3.google.com', 2),
('a4:70:d6:c8:9c:c0', 'clients4.google.com', 1),
('a4:70:d6:c8:9c:c0', 'cloudconfig.googleapis.com', 2),
('a4:70:d6:c8:9c:c0', 'connectivitycheck.gstatic.com', 2),
('a4:70:d6:c8:9c:c0', 'e11.whatsapp.net', 1),
('a4:70:d6:c8:9c:c0', 'e5.whatsapp.net', 1),
('a4:70:d6:c8:9c:c0', 'edge-mqtt.facebook.com', 1),
('a4:70:d6:c8:9c:c0', 'eva.fit.vutbr.cz', 1),
('a4:70:d6:c8:9c:c0', 'graph.facebook.com', 5),
('a4:70:d6:c8:9c:c0', 'iphone-xml.booking.com', 1),
('a4:70:d6:c8:9c:c0', 'mtalk.google.com', 1),
('a4:70:d6:c8:9c:c0', 'play.googleapis.com', 1),
('a4:70:d6:c8:9c:c0', 'www.googleapis.com', 2),
('a4:70:d6:c8:9c:c0', 'xaapi.xamarin.com', 2),
('a4:70:d6:c8:9c:c0', 'xtrapath3.izatcloud.net', 1),
('b4:e1:c4:56:14:c0', 'a.centrum.cz', 2),
('b4:e1:c4:56:14:c0', 'a248.e.akamai.net', 1),
('b4:e1:c4:56:14:c0', 'aa.agkn.com', 1),
('b4:e1:c4:56:14:c0', 'adadvisor.net', 1),
('b4:e1:c4:56:14:c0', 'ads.rubiconproject.com', 1),
('b4:e1:c4:56:14:c0', 'adservice.google.com', 1),
('b4:e1:c4:56:14:c0', 'adservice.google.cz', 1),
('b4:e1:c4:56:14:c0', 'aktualne.disqus.com', 1),
('b4:e1:c4:56:14:c0', 'allunite.com', 1),
('b4:e1:c4:56:14:c0', 'ampconfigprod.blob.core.windows.net', 1),
('b4:e1:c4:56:14:c0', 'api.exponea.com', 1),
('b4:e1:c4:56:14:c0', 'api.microsofttranslator.com', 1),
('b4:e1:c4:56:14:c0', 'api.spotify.com', 1),
('b4:e1:c4:56:14:c0', 'apidata.googleusercontent.com', 1),
('b4:e1:c4:56:14:c0', 'appexmapsappupdate.blob.core.windows.net', 1),
('b4:e1:c4:56:14:c0', 'ash2-accesspoint-a114.ap.spotify.com', 1),
('b4:e1:c4:56:14:c0', 'assets.adobedtm.com', 1),
('b4:e1:c4:56:14:c0', 'az851863.vo.msecnd.net', 1),
('b4:e1:c4:56:14:c0', 'beacon-eu2.rubiconproject.com', 1),
('b4:e1:c4:56:14:c0', 'blob.weather.microsoft.com', 1),
('b4:e1:c4:56:14:c0', 'bn1302.storage.live.com', 2),
('b4:e1:c4:56:14:c0', 'c.bingapis.com', 1),
('b4:e1:c4:56:14:c0', 'c1.adform.net', 1),
('b4:e1:c4:56:14:c0', 'cdn.content.prod.cms.msn.com', 3),
('b4:e1:c4:56:14:c0', 'cdn.cpex.cz', 2),
('b4:e1:c4:56:14:c0', 'cdn.i0.cz', 1),
('b4:e1:c4:56:14:c0', 'cdn.onesignal.com', 1),
('b4:e1:c4:56:14:c0', 'cdn.onthe.io', 1),
('b4:e1:c4:56:14:c0', 'cdn.syndication.twimg.com', 1),
('b4:e1:c4:56:14:c0', 'cdp1.public-trust.com', 1),
('b4:e1:c4:56:14:c0', 'cid-df97ec312a267f33.users.storage.live.com', 1),
('b4:e1:c4:56:14:c0', 'client-office365-tas.msedge.net', 1),
('b4:e1:c4:56:14:c0', 'client-s.gateway.messenger.live.com', 1),
('b4:e1:c4:56:14:c0', 'client.wns.windows.com', 2),
('b4:e1:c4:56:14:c0', 'clients1.google.com', 1),
('b4:e1:c4:56:14:c0', 'cm.g.doubleclick.net', 1),
('b4:e1:c4:56:14:c0', 'config.edge.skype.com', 1),
('b4:e1:c4:56:14:c0', 'connect.facebook.net', 2),
('b4:e1:c4:56:14:c0', 'content.aimatch.com', 1),
('b4:e1:c4:56:14:c0', 'cpex.demdex.net', 1),
('b4:e1:c4:56:14:c0', 'ctldl.windowsupdate.com', 1),
('b4:e1:c4:56:14:c0', 'cz.search.etargetnet.com', 1),
('b4:e1:c4:56:14:c0', 'd.turn.com', 1),
('b4:e1:c4:56:14:c0', 'd3n5x2l91yva9h.cloudfront.net', 1),
('b4:e1:c4:56:14:c0', 'DB5SCH101101813.wns.windows.com', 1),
('b4:e1:c4:56:14:c0', 'DB5SCH101110123.wns.windows.com', 1),
('b4:e1:c4:56:14:c0', 'dc.services.visualstudio.com', 1),
('b4:e1:c4:56:14:c0', 'delivery.performax.cz', 1),
('b4:e1:c4:56:14:c0', 'dev.virtualearth.net', 1),
('b4:e1:c4:56:14:c0', 'dmp.adform.net', 1),
('b4:e1:c4:56:14:c0', 'dnn506yrbagrg.cloudfront.net', 1),
('b4:e1:c4:56:14:c0', 'dns.msftncsi.com', 1),
('b4:e1:c4:56:14:c0', 'dpm.demdex.net', 1),
('b4:e1:c4:56:14:c0', 'dsp.adfarm1.adition.com', 1),
('b4:e1:c4:56:14:c0', 'e.dlx.addthis.com', 1),
('b4:e1:c4:56:14:c0', 'e.nexac.com', 1),
('b4:e1:c4:56:14:c0', 'ecn.dev.virtualearth.net', 1),
('b4:e1:c4:56:14:c0', 'fcmatch.google.com', 1),
('b4:e1:c4:56:14:c0', 'fcmatch.youtube.com', 1),
('b4:e1:c4:56:14:c0', 'fe3.delivery.mp.microsoft.com', 1),
('b4:e1:c4:56:14:c0', 'fonts.googleapis.com', 2),
('b4:e1:c4:56:14:c0', 'fonts.gstatic.com', 2),
('b4:e1:c4:56:14:c0', 'gdecz.hit.gemius.pl', 1),
('b4:e1:c4:56:14:c0', 'gew1-accesspoint-b-3h91.ap.spotify.com', 1),
('b4:e1:c4:56:14:c0', 'gew1-accesspoint-b-ndrq.ap.spotify.com', 1),
('b4:e1:c4:56:14:c0', 'gj.symcd.com', 1),
('b4:e1:c4:56:14:c0', 'global.ib-ibi.com', 1),
('b4:e1:c4:56:14:c0', 'gn.symcd.com', 1),
('b4:e1:c4:56:14:c0', 'go.microsoft.com', 1),
('b4:e1:c4:56:14:c0', 'googleads.g.doubleclick.net', 1),
('b4:e1:c4:56:14:c0', 'gp.symcd.com', 1),
('b4:e1:c4:56:14:c0', 'h.imedia.cz', 1),
('b4:e1:c4:56:14:c0', 'hit-pool.upscore.io', 1),
('b4:e1:c4:56:14:c0', 'i.iinfo.cz', 1),
('b4:e1:c4:56:14:c0', 'i.ytimg.com', 1),
('b4:e1:c4:56:14:c0', 'i0.cz', 1),
('b4:e1:c4:56:14:c0', 'iceprime_msnapp-iceprime-c2s.msedge.net', 1),
('b4:e1:c4:56:14:c0', 'iecvlist.microsoft.com', 1),
('b4:e1:c4:56:14:c0', 'ihned.cz', 1),
('b4:e1:c4:56:14:c0', 'imap.gmail.com', 1),
('b4:e1:c4:56:14:c0', 'img.ihned.cz', 1),
('b4:e1:c4:56:14:c0', 'imp.performax.cz', 1),
('b4:e1:c4:56:14:c0', 'inference.location.live.net', 1),
('b4:e1:c4:56:14:c0', 'isrg.trustid.ocsp.identrust.com', 1),
('b4:e1:c4:56:14:c0', 'jwpltx.com', 1),
('b4:e1:c4:56:14:c0', 'login.live.com', 1),
('b4:e1:c4:56:14:c0', 'ls.hit.gemius.pl', 1),
('b4:e1:c4:56:14:c0', 'm.youtube.com', 1),
('b4:e1:c4:56:14:c0', 'match.adsrvr.org', 1),
('b4:e1:c4:56:14:c0', 'mobile.pipe.aria.microsoft.com', 1),
('b4:e1:c4:56:14:c0', 'o.ss2.us', 1),
('b4:e1:c4:56:14:c0', 'ocsp.comodoca.com', 1),
('b4:e1:c4:56:14:c0', 'ocsp.comodoca4.com', 1),
('b4:e1:c4:56:14:c0', 'ocsp.digicert.com', 1),
('b4:e1:c4:56:14:c0', 'ocsp.godaddy.com', 1),
('b4:e1:c4:56:14:c0', 'ocsp.int-x3.letsencrypt.org', 1),
('b4:e1:c4:56:14:c0', 'ocsp.msocsp.com', 1),
('b4:e1:c4:56:14:c0', 'ocsp.pki.goog', 1),
('b4:e1:c4:56:14:c0', 'optimized-by.rubiconproject.com', 1),
('b4:e1:c4:56:14:c0', 'p.adsymptotic.com', 1),
('b4:e1:c4:56:14:c0', 'pagead2.googlesyndication.com', 1),
('b4:e1:c4:56:14:c0', 'pbs.twimg.com', 1),
('b4:e1:c4:56:14:c0', 'pdw-adf.userreport.com', 1),
('b4:e1:c4:56:14:c0', 'personalization.services.msn.com', 1),
('b4:e1:c4:56:14:c0', 'ping.chartbeat.net', 1),
('b4:e1:c4:56:14:c0', 'pixel-eu.rubiconproject.com', 1),
('b4:e1:c4:56:14:c0', 'pixel.cpex.cz', 1),
('b4:e1:c4:56:14:c0', 'pixel.mathtag.com', 1),
('b4:e1:c4:56:14:c0', 'pixel.rubiconproject.com', 1),
('b4:e1:c4:56:14:c0', 'pki.google.com', 1),
('b4:e1:c4:56:14:c0', 'platform.twitter.com', 1),
('b4:e1:c4:56:14:c0', 'pm.w55c.net', 1),
('b4:e1:c4:56:14:c0', 'pocasi-backend.aktualne.cz', 1),
('b4:e1:c4:56:14:c0', 'pocasi-moravio.centrum.cz', 1),
('b4:e1:c4:56:14:c0', 'prod.translator.bingaugmentedreality.net', 1),
('b4:e1:c4:56:14:c0', 'r.i0.cz', 1),
('b4:e1:c4:56:14:c0', 'r13---sn-2gb7ln7d.googlevideo.com', 1),
('b4:e1:c4:56:14:c0', 'recommend.aktualne.cz', 1),
('b4:e1:c4:56:14:c0', 'redirect.frontend.weborama.fr', 1),
('b4:e1:c4:56:14:c0', 's.symcd.com', 1),
('b4:e1:c4:56:14:c0', 's.update.rubiconproject.com', 1),
('b4:e1:c4:56:14:c0', 's.ytimg.com', 1),
('b4:e1:c4:56:14:c0', 's1.adform.net', 1),
('b4:e1:c4:56:14:c0', 'scz.hit.gemius.pl', 1),
('b4:e1:c4:56:14:c0', 'secure-assets.rubiconproject.com', 1),
('b4:e1:c4:56:14:c0', 'service.weather.microsoft.com', 3),
('b4:e1:c4:56:14:c0', 'settings.data.microsoft.com', 1),
('b4:e1:c4:56:14:c0', 'sk.adocean.pl', 1),
('b4:e1:c4:56:14:c0', 'smtp.gmail.com', 1),
('b4:e1:c4:56:14:c0', 'spir.hit.gemius.pl', 1),
('b4:e1:c4:56:14:c0', 'ss.symcd.com', 1),
('b4:e1:c4:56:14:c0', 'ssl.p.jwpcdn.com', 1),
('b4:e1:c4:56:14:c0', 'static.chartbeat.com', 1),
('b4:e1:c4:56:14:c0', 'static.doubleclick.net', 1),
('b4:e1:c4:56:14:c0', 'staticxx.facebook.com', 1),
('b4:e1:c4:56:14:c0', 'stats.g.doubleclick.net', 1),
('b4:e1:c4:56:14:c0', 'syndication.twitter.com', 1),
('b4:e1:c4:56:14:c0', 't0.ssl.ak.dynamic.tiles.virtualearth.net', 1),
('b4:e1:c4:56:14:c0', 't0.ssl.ak.tiles.virtualearth.net', 1),
('b4:e1:c4:56:14:c0', 't1.ssl.ak.tiles.virtualearth.net', 1),
('b4:e1:c4:56:14:c0', 't2.ssl.ak.tiles.virtualearth.net', 1),
('b4:e1:c4:56:14:c0', 't2.symcb.com', 1),
('b4:e1:c4:56:14:c0', 't3.ssl.ak.tiles.virtualearth.net', 1),
('b4:e1:c4:56:14:c0', 'tags.bluekai.com', 1),
('b4:e1:c4:56:14:c0', 'tap-s.rubiconproject.com', 1),
('b4:e1:c4:56:14:c0', 'tap-secure.rubiconproject.com', 1),
('b4:e1:c4:56:14:c0', 'tap2-cdn.rubiconproject.com', 2),
('b4:e1:c4:56:14:c0', 'tapestry.tapad.com', 1),
('b4:e1:c4:56:14:c0', 'test.cpex.cz', 1),
('b4:e1:c4:56:14:c0', 'tile-service.weather.microsoft.com', 3),
('b4:e1:c4:56:14:c0', 'tj.symcd.com', 2),
('b4:e1:c4:56:14:c0', 'tpc.googlesyndication.com', 1),
('b4:e1:c4:56:14:c0', 'track.adform.net', 1),
('b4:e1:c4:56:14:c0', 'trk.i0.cz', 1),
('b4:e1:c4:56:14:c0', 'trk.id-economia.cz', 1),
('b4:e1:c4:56:14:c0', 'tt.onthe.io', 1),
('b4:e1:c4:56:14:c0', 'urs.smartscreen.microsoft.com', 1),
('b4:e1:c4:56:14:c0', 'ut.performax.cz', 1),
('b4:e1:c4:56:14:c0', 'v10.vortex-win.data.microsoft.com', 1),
('b4:e1:c4:56:14:c0', 'vectmap.mapy.cz', 1),
('b4:e1:c4:56:14:c0', 'venuemaps.virtualearth.net', 1),
('b4:e1:c4:56:14:c0', 'www.bing.com', 2),
('b4:e1:c4:56:14:c0', 'www.facebook.com', 2),
('b4:e1:c4:56:14:c0', 'www.google-analytics.com', 1),
('b4:e1:c4:56:14:c0', 'www.google.com', 1),
('b4:e1:c4:56:14:c0', 'www.google.cz', 1),
('b4:e1:c4:56:14:c0', 'www.googletagmanager.com', 1),
('b4:e1:c4:56:14:c0', 'www.gstatic.com', 2),
('b4:e1:c4:56:14:c0', 'www.idsjmk.cz', 1),
('b4:e1:c4:56:14:c0', 'www.msftconnecttest.com', 2),
('b4:e1:c4:56:14:c0', 'yt3.ggpht.com', 1),
('b4:e1:c4:56:14:c0', 'zpravy.aktualne.cz', 1),
('c0:ee:fb:59:ad:72', 'alt2-mtalk.google.com', 2),
('c0:ee:fb:59:ad:72', 'android.clients.google.com', 1),
('c0:ee:fb:59:ad:72', 'azvkrtkzrozms', 1),
('c0:ee:fb:59:ad:72', 'beacons.gvt2.com', 1),
('c0:ee:fb:59:ad:72', 'connectivitycheck.gstatic.com', 16),
('c0:ee:fb:59:ad:72', 'ctswxqitj', 1),
('c0:ee:fb:59:ad:72', 'dpedppisbdbl', 1),
('c0:ee:fb:59:ad:72', 'dtfkrauxofykb', 1),
('c0:ee:fb:59:ad:72', 'edge-mqtt.facebook.com', 2),
('c0:ee:fb:59:ad:72', 'ghitfjvk', 1),
('c0:ee:fb:59:ad:72', 'glrhmsy', 1),
('c0:ee:fb:59:ad:72', 'goldsilver.herokuapp.com', 1),
('c0:ee:fb:59:ad:72', 'hytoyut', 1),
('c0:ee:fb:59:ad:72', 'iecgvshxokjpai', 1),
('c0:ee:fb:59:ad:72', 'klara.udplogger.androworks.org', 4),
('c0:ee:fb:59:ad:72', 'lh3.googleusercontent.com', 1),
('c0:ee:fb:59:ad:72', 'meteor.udplogger.androworks.org', 2),
('c0:ee:fb:59:ad:72', 'paxszuoovqki', 1),
('c0:ee:fb:59:ad:72', 'pukuxgr', 1),
('c0:ee:fb:59:ad:72', 'rzqszziezv', 1),
('c0:ee:fb:59:ad:72', 'sgnxfbpjpugwx', 1),
('c0:ee:fb:59:ad:72', 'ucbifcu', 1),
('c0:ee:fb:59:ad:72', 'ujxyogelo', 1),
('c0:ee:fb:59:ad:72', 'vterzkhjgckhe', 1),
('c0:ee:fb:59:ad:72', 'www.google.com', 9),
('c8:25:e1:49:35:7c', '10.im.cz', 1),
('c8:25:e1:49:35:7c', '136.215.186.10.in-addr.arpa', 1),
('c8:25:e1:49:35:7c', '6a5edc300520d4037dd6-0732807511066685711db213ddc1d2df.ssl.cf2.rackcdn.com', 1),
('c8:25:e1:49:35:7c', '76.0.42.10.in-addr.arpa', 7),
('c8:25:e1:49:35:7c', 'abqnpol', 1),
('c8:25:e1:49:35:7c', 'abroad.apilocate.amap.com', 1),
('c8:25:e1:49:35:7c', 'account-us.huami.com', 1),
('c8:25:e1:49:35:7c', 'accounts.google.com', 2),
('c8:25:e1:49:35:7c', 'accscdn.m.taobao.com', 4),
('c8:25:e1:49:35:7c', 'acdn.adnxs.com', 1),
('c8:25:e1:49:35:7c', 'ad.doubleclick.net', 1),
('c8:25:e1:49:35:7c', 'ae01.alicdn.com', 2),
('c8:25:e1:49:35:7c', 'aladin.spekacek.com', 1),
('c8:25:e1:49:35:7c', 'aladin.udplogger.androworks.org', 1),
('c8:25:e1:49:35:7c', 'alog.umeng.com', 2),
('c8:25:e1:49:35:7c', 'ams1-ib.adnxs.com', 11),
('c8:25:e1:49:35:7c', 'android.bugly.qq.com', 1),
('c8:25:e1:49:35:7c', 'android.clients.google.com', 5),
('c8:25:e1:49:35:7c', 'android.googleapis.com', 5),
('c8:25:e1:49:35:7c', 'aotesdpw', 1),
('c8:25:e1:49:35:7c', 'api-mifit-us.huami.com', 2),
('c8:25:e1:49:35:7c', 'api-us-sports.huami.com', 1),
('c8:25:e1:49:35:7c', 'api-watch-us.huami.com', 1),
('c8:25:e1:49:35:7c', 'api.developer.xiaomi.com', 1),
('c8:25:e1:49:35:7c', 'api.io.mi.com', 3),
('c8:25:e1:49:35:7c', 'api.twitter.com', 2),
('c8:25:e1:49:35:7c', 'api.xda-developers.com', 1),
('c8:25:e1:49:35:7c', 'app-measurement.com', 2),
('c8:25:e1:49:35:7c', 'beacon.errorception.com', 1),
('c8:25:e1:49:35:7c', 'beacon.walmart.com', 1),
('c8:25:e1:49:35:7c', 'beta.doodle.com', 1),
('c8:25:e1:49:35:7c', 'c.bing.com', 1),
('c8:25:e1:49:35:7c', 'c1.adform.net', 1),
('c8:25:e1:49:35:7c', 'cdn.adnxs.com', 1),
('c8:25:e1:49:35:7c', 'cdn.fbsbx.com', 1),
('c8:25:e1:49:35:7c', 'cdn1.xda-developers.com', 1),
('c8:25:e1:49:35:7c', 'cdn2.doodle.com', 1),
('c8:25:e1:49:35:7c', 'ci4.googleusercontent.com', 1),
('c8:25:e1:49:35:7c', 'ci5.googleusercontent.com', 1),
('c8:25:e1:49:35:7c', 'ci6.googleusercontent.com', 1),
('c8:25:e1:49:35:7c', 'clients4.google.com', 2),
('c8:25:e1:49:35:7c', 'clientservices.googleapis.com', 2),
('c8:25:e1:49:35:7c', 'cloudconfig.googleapis.com', 1),
('c8:25:e1:49:35:7c', 'cm.g.doubleclick.net', 1),
('c8:25:e1:49:35:7c', 'cms.quantserve.com', 1),
('c8:25:e1:49:35:7c', 'connectivitycheck.gstatic.com', 2),
('c8:25:e1:49:35:7c', 'csi.gstatic.com', 1),
('c8:25:e1:49:35:7c', 'cz-gmtdmp.mookie1.com', 1),
('c8:25:e1:49:35:7c', 'data.mistat.xiaomi.com', 7),
('c8:25:e1:49:35:7c', 'dh.serving-sys.com', 1),
('c8:25:e1:49:35:7c', 'dis.criteo.com', 1),
('c8:25:e1:49:35:7c', 'dsum-sec.casalemedia.com', 1),
('c8:25:e1:49:35:7c', 'e697c78a.api.splkmobile.com', 1),
('c8:25:e1:49:35:7c', 'eb2.3lift.com', 1),
('c8:25:e1:49:35:7c', 'edge-mqtt.facebook.com', 4),
('c8:25:e1:49:35:7c', 'ehrimee', 1),
('c8:25:e1:49:35:7c', 'encrypted-tbn0.gstatic.com', 1),
('c8:25:e1:49:35:7c', 'encrypted-tbn1.gstatic.com', 1),
('c8:25:e1:49:35:7c', 'encrypted-tbn3.gstatic.com', 1),
('c8:25:e1:49:35:7c', 'eu-disp.coolkit.cc', 1),
('c8:25:e1:49:35:7c', 'fonts.googleapis.com', 1),
('c8:25:e1:49:35:7c', 'fonts.gstatic.com', 1),
('c8:25:e1:49:35:7c', 'forum.xda-developers.com', 1),
('c8:25:e1:49:35:7c', 'gate.hockeyapp.net', 1),
('c8:25:e1:49:35:7c', 'geo-um.btrll.com', 1),
('c8:25:e1:49:35:7c', 'geomobileservices-pa.googleapis.com', 1),
('c8:25:e1:49:35:7c', 'googleads.g.doubleclick.net', 5),
('c8:25:e1:49:35:7c', 'googleads4.g.doubleclick.net', 1),
('c8:25:e1:49:35:7c', 'graph.facebook.com', 9),
('c8:25:e1:49:35:7c', 'graph.instagram.com', 7),
('c8:25:e1:49:35:7c', 'h.imedia.cz', 1),
('c8:25:e1:49:35:7c', 'i.imedia.cz', 1),
('c8:25:e1:49:35:7c', 'i.instagram.com', 2),
('c8:25:e1:49:35:7c', 'ib.adnxs.com', 1),
('c8:25:e1:49:35:7c', 'klara.udplogger.androworks.org', 1),
('c8:25:e1:49:35:7c', 'kmspop.com', 1),
('c8:25:e1:49:35:7c', 'labs-lb.xda-developers.com', 1),
('c8:25:e1:49:35:7c', 'labs-mqtt.xda-developers.com', 2),
('c8:25:e1:49:35:7c', 'lh3.ggpht.com', 1),
('c8:25:e1:49:35:7c', 'lh3.googleusercontent.com', 1),
('c8:25:e1:49:35:7c', 'lh4.ggpht.com', 1),
('c8:25:e1:49:35:7c', 'lh4.googleusercontent.com', 1),
('c8:25:e1:49:35:7c', 'lh5.ggpht.com', 1),
('c8:25:e1:49:35:7c', 'lh6.ggpht.com', 1),
('c8:25:e1:49:35:7c', 'link.e.doodle.com', 1),
('c8:25:e1:49:35:7c', 'lookaside.fbsbx.com', 1),
('c8:25:e1:49:35:7c', 'ls.hit.gemius.pl', 1),
('c8:25:e1:49:35:7c', 'm.adnxs.com', 1),
('c8:25:e1:49:35:7c', 'm.novinky.cz', 1),
('c8:25:e1:49:35:7c', 'mail.google.com', 4),
('c8:25:e1:49:35:7c', 'maps.gstatic.com', 1),
('c8:25:e1:49:35:7c', 'match.adsrvr.org', 1),
('c8:25:e1:49:35:7c', 'mdomjurnzzge', 1),
('c8:25:e1:49:35:7c', 'mobile.lidl.de', 1),
('c8:25:e1:49:35:7c', 'mobile.twitter.com', 1),
('c8:25:e1:49:35:7c', 'mqtt-mini.facebook.com', 5),
('c8:25:e1:49:35:7c', 'mtalk.google.com', 2),
('c8:25:e1:49:35:7c', 'notifications5.truecaller.com', 1),
('c8:25:e1:49:35:7c', 'odr.mookie1.com', 1),
('c8:25:e1:49:35:7c', 'p.rfihub.com', 1),
('c8:25:e1:49:35:7c', 'pagead2.googlesyndication.com', 2),
('c8:25:e1:49:35:7c', 'pixel.rubiconproject.com', 1),
('c8:25:e1:49:35:7c', 'play.googleapis.com', 4),
('c8:25:e1:49:35:7c', 'pm.w55c.net', 1),
('c8:25:e1:49:35:7c', 'portal.fb.com', 3),
('c8:25:e1:49:35:7c', 'pr-bh.ybp.yahoo.com', 1),
('c8:25:e1:49:35:7c', 'presence-grpc.truecaller.com', 9),
('c8:25:e1:49:35:7c', 'r.turn.com', 1),
('c8:25:e1:49:35:7c', 'resolver.msg.xiaomi.net', 1),
('c8:25:e1:49:35:7c', 'rtb-csync.smartadserver.com', 1),
('c8:25:e1:49:35:7c', 'rtb.imedia.cz', 1),
('c8:25:e1:49:35:7c', 'rum-collector.pingdom.net', 1),
('c8:25:e1:49:35:7c', 'rum-static.pingdom.net', 1),
('c8:25:e1:49:35:7c', 's.amazon-adsystem.com', 1),
('c8:25:e1:49:35:7c', 's.imedia.cz', 1),
('c8:25:e1:49:35:7c', 's.thebrighttag.com', 1),
('c8:25:e1:49:35:7c', 's1.2mdn.net', 1),
('c8:25:e1:49:35:7c', 'safebrowsing.googleapis.com', 1),
('c8:25:e1:49:35:7c', 'scontent-ams3-1.cdninstagram.com', 1),
('c8:25:e1:49:35:7c', 'scontent.xx.fbcdn.net', 2),
('c8:25:e1:49:35:7c', 'script.hotjar.com', 1),
('c8:25:e1:49:35:7c', 'secure.adnxs.com', 1),
('c8:25:e1:49:35:7c', 'securepubads.g.doubleclick.net', 1),
('c8:25:e1:49:35:7c', 'settings.crashlytics.com', 1),
('c8:25:e1:49:35:7c', 'shopapi.io.mi.com', 1),
('c8:25:e1:49:35:7c', 'spir.hit.gemius.pl', 1),
('c8:25:e1:49:35:7c', 'ssl.google-analytics.com', 3),
('c8:25:e1:49:35:7c', 'static-tagr.gd1.mookie1.com', 1),
('c8:25:e1:49:35:7c', 'static.hotjar.com', 1),
('c8:25:e1:49:35:7c', 'stats.g.doubleclick.net', 1),
('c8:25:e1:49:35:7c', 'sync.mathtag.com', 1),
('c8:25:e1:49:35:7c', 'sync.search.spotxchange.com', 1),
('c8:25:e1:49:35:7c', 'sync.teads.tv', 1),
('c8:25:e1:49:35:7c', 'szxpunswrpp', 1),
('c8:25:e1:49:35:7c', 't.mookie1.com', 1),
('c8:25:e1:49:35:7c', 't.wayfair.com', 1),
('c8:25:e1:49:35:7c', 'tpc.googlesyndication.com', 1),
('c8:25:e1:49:35:7c', 'track.ai.xiaomi.com', 2),
('c8:25:e1:49:35:7c', 'translate.googleapis.com', 2),
('c8:25:e1:49:35:7c', 'twitter.com', 2),
('c8:25:e1:49:35:7c', 'twpsmnqgxhveb', 1),
('c8:25:e1:49:35:7c', 'update.googleapis.com', 1),
('c8:25:e1:49:35:7c', 'us-u.openx.net', 1),
('c8:25:e1:49:35:7c', 'vars.hotjar.com', 1),
('c8:25:e1:49:35:7c', 'weatherapi.market.xiaomi.com', 3),
('c8:25:e1:49:35:7c', 'www.google-analytics.com', 1),
('c8:25:e1:49:35:7c', 'www.google.com', 5),
('c8:25:e1:49:35:7c', 'www.google.cz', 1),
('c8:25:e1:49:35:7c', 'www.googleadservices.com', 1),
('c8:25:e1:49:35:7c', 'www.googleapis.com', 8),
('c8:25:e1:49:35:7c', 'www.googletagmanager.com', 1),
('c8:25:e1:49:35:7c', 'www.googletagservices.com', 1),
('c8:25:e1:49:35:7c', 'www.gstatic.com', 1),
('c8:25:e1:49:35:7c', 'www.lidl.cz', 1),
('c8:25:e1:49:35:7c', 'www.xda-developers.com', 1),
('c8:25:e1:49:35:7c', 'wzrkt.com', 7),
('c8:25:e1:49:35:7c', 'z-p4-scontent.xx.fbcdn.net', 1),
('d8:80:3c:08:fd:f9', 'account-us.amazfit.com', 1),
('d8:80:3c:08:fd:f9', 'api-watch-us.huami.com', 1),
('d8:80:3c:08:fd:f9', 'cdn.awsusor0.fds.api.mi-img.com', 1),
('d8:80:3c:08:fd:f9', 'connect.rom.miui.com', 1),
('dc:66:72:c5:dd:9f', '1.0.42.10.in-addr.arpa', 1),
('dc:66:72:c5:dd:9f', '134.0.42.10.in-addr.arpa', 4),
('dc:66:72:c5:dd:9f', '162.0.42.10.in-addr.arpa', 1),
('dc:66:72:c5:dd:9f', '171.0.42.10.in-addr.arpa', 1),
('dc:66:72:c5:dd:9f', '85.0.42.10.in-addr.arpa', 1),
('dc:66:72:c5:dd:9f', 'accounts.google.com', 2),
('dc:66:72:c5:dd:9f', 'accounts.google.cz', 1),
('dc:66:72:c5:dd:9f', 'android.clients.google.com', 6),
('dc:66:72:c5:dd:9f', 'android.googleapis.com', 1),
('dc:66:72:c5:dd:9f', 'api.fing.io', 9),
('dc:66:72:c5:dd:9f', 'app-measurement.com', 6),
('dc:66:72:c5:dd:9f', 'app.fing.io', 2),
('dc:66:72:c5:dd:9f', 'appcloud.mcafee.com', 2),
('dc:66:72:c5:dd:9f', 'clients4.google.com', 1),
('dc:66:72:c5:dd:9f', 'clientservices.googleapis.com', 1),
('dc:66:72:c5:dd:9f', 'cloudconfig.googleapis.com', 1),
('dc:66:72:c5:dd:9f', 'config.edge.skype.com', 1),
('dc:66:72:c5:dd:9f', 'connectivitycheck.gstatic.com', 22),
('dc:66:72:c5:dd:9f', 'data.flurry.com', 1),
('dc:66:72:c5:dd:9f', 'dc.di.atlas.samsung.com', 1),
('dc:66:72:c5:dd:9f', 'dof27zbf2fly4.cloudfront.net', 1),
('dc:66:72:c5:dd:9f', 'fls-na.amazon.com', 2),
('dc:66:72:c5:dd:9f', 'fonts.gstatic.com', 3),
('dc:66:72:c5:dd:9f', 'geoip.fing.io', 1),
('dc:66:72:c5:dd:9f', 'hpdziqhuluz', 1),
('dc:66:72:c5:dd:9f', 'images-lso-opensocial.googleusercontent.com', 1),
('dc:66:72:c5:dd:9f', 'images-na.ssl-images-amazon.com', 1),
('dc:66:72:c5:dd:9f', 'keshjkj', 1),
('dc:66:72:c5:dd:9f', 'khznswajxged', 1),
('dc:66:72:c5:dd:9f', 'lh3.ggpht.com', 1),
('dc:66:72:c5:dd:9f', 'lh3.googleusercontent.com', 2),
('dc:66:72:c5:dd:9f', 'lh4.ggpht.com', 1),
('dc:66:72:c5:dd:9f', 'lh5.ggpht.com', 1),
('dc:66:72:c5:dd:9f', 'lh6.ggpht.com', 1),
('dc:66:72:c5:dd:9f', 'lh6.googleusercontent.com', 1),
('dc:66:72:c5:dd:9f', 'm.media-amazon.com', 1),
('dc:66:72:c5:dd:9f', 'm.quantcount.com', 2),
('dc:66:72:c5:dd:9f', 'mail.google.com', 1),
('dc:66:72:c5:dd:9f', 'myaccount.google.com', 1),
('dc:66:72:c5:dd:9f', 'notify.bugsnag.com', 1),
('dc:66:72:c5:dd:9f', 'play.google.com', 1),
('dc:66:72:c5:dd:9f', 'play.googleapis.com', 4),
('dc:66:72:c5:dd:9f', 'promo.fing.io', 1),
('dc:66:72:c5:dd:9f', 'r2---sn-cgovpm-cg9e.gvt1.com', 1),
('dc:66:72:c5:dd:9f', 'safebrowsing.googleapis.com', 1),
('dc:66:72:c5:dd:9f', 'service.game-mode.net', 2),
('dc:66:72:c5:dd:9f', 'ssl.google-analytics.com', 2),
('dc:66:72:c5:dd:9f', 'ssl.gstatic.com', 2),
('dc:66:72:c5:dd:9f', 'translate.googleapis.com', 1),
('dc:66:72:c5:dd:9f', 'update.googleapis.com', 1),
('dc:66:72:c5:dd:9f', 'www.amazon.com', 1),
('dc:66:72:c5:dd:9f', 'www.goodreads.com', 1),
('dc:66:72:c5:dd:9f', 'www.google-analytics.com', 2),
('dc:66:72:c5:dd:9f', 'www.google.com', 43),
('dc:66:72:c5:dd:9f', 'www.google.cz', 1),
('dc:66:72:c5:dd:9f', 'www.googleapis.com', 2),
('dc:66:72:c5:dd:9f', 'www.gstatic.com', 2),
('dc:66:72:c5:dd:9f', 'www.paypal.com', 1);

-- --------------------------------------------------------

--
-- Structure of the table `dataset2`
--

CREATE TABLE `dataset2` (
  `mac_address` varchar(17) NOT NULL,
  `dns_query` varchar(170) NOT NULL,
  `total_count` int(11) DEFAULT '0'
) ENGINE=InnoDB DEFAULT CHARSET=utf8mb4;

--
-- Data for table `dataset2`
--

INSERT INTO `dataset2` (`mac_address`, `dns_query`, `total_count`) VALUES
('0c:8b:fd:7b:5e:03', '0.ubuntu.pool.ntp.org', 2),
('0c:8b:fd:7b:5e:03', '1.ubuntu.pool.ntp.org', 2),
('0c:8b:fd:7b:5e:03', '2.ubuntu.pool.ntp.org', 2),
('0c:8b:fd:7b:5e:03', '3.ubuntu.pool.ntp.org', 2),
('0c:8b:fd:7b:5e:03', 'daisy.ubuntu.com', 2),
('0c:8b:fd:7b:5e:03', 'dl.ubnt.com', 2),
('0c:8b:fd:7b:5e:03', 'local', 2),
('0c:8b:fd:7b:5e:03', 'ntp.ubuntu.com', 2),
('0c:8b:fd:7b:5e:03', 'www.ubnt.com', 2),
('10:30:47:67:e1:bb', 'ads.androworks.org', 1),
('10:30:47:67:e1:bb', 'aladin.spekacek.com', 1),
('10:30:47:67:e1:bb', 'aladin.udplogger.androworks.org', 1),
('10:30:47:67:e1:bb', 'android.clients.google.com', 36),
('10:30:47:67:e1:bb', 'api.accuweather.com', 3),
('10:30:47:67:e1:bb', 'clients3.google.com', 1),
('10:30:47:67:e1:bb', 'clients4.google.com', 1),
('10:30:47:67:e1:bb', 'cloudconfig.googleapis.com', 1),
('10:30:47:67:e1:bb', 'cyrus.cesnet.cz', 1),
('10:30:47:67:e1:bb', 'ew1.reg.bigdata.ssp.samsung.com', 4),
('10:30:47:67:e1:bb', 'iphone-xml.booking.com', 1),
('10:30:47:67:e1:bb', 'kazi.fit.vutbr.cz', 1),
('10:30:47:67:e1:bb', 'klara.udplogger.androworks.org', 1),
('10:30:47:67:e1:bb', 'mtalk4.google.com', 1),
('10:30:47:67:e1:bb', 'play.googleapis.com', 2),
('10:30:47:67:e1:bb', 'r2---sn-cgovpm-cg9e.gvt1.com', 1),
('10:30:47:67:e1:bb', 'safebrowsing.googleapis.com', 1),
('10:30:47:67:e1:bb', 'www.google.com', 1),
('10:30:47:67:e1:bb', 'www.googleapis.com', 2),
('40:40:a7:ba:5f:73', '1gr.cz', 1),
('40:40:a7:ba:5f:73', 'a.blesk.cz', 1),
('40:40:a7:ba:5f:73', 'a.centrum.cz', 1),
('40:40:a7:ba:5f:73', 'a.denik.cz', 1),
('40:40:a7:ba:5f:73', 'ads.rubiconproject.com', 1),
('40:40:a7:ba:5f:73', 'adservice.google.com', 1),
('40:40:a7:ba:5f:73', 'adservice.google.cz', 1),
('40:40:a7:ba:5f:73', 'adx.adform.net', 1),
('40:40:a7:ba:5f:73', 'api.exponea.com', 1),
('40:40:a7:ba:5f:73', 'app.adjust.com', 1),
('40:40:a7:ba:5f:73', 'assets.adobedtm.com', 1),
('40:40:a7:ba:5f:73', 'bbcdn-bbnaut.ibillboard.com', 1),
('40:40:a7:ba:5f:73', 'bbcdn-tag.ibillboard.com', 1),
('40:40:a7:ba:5f:73', 'bbcdn.go.cz.bbelements.com', 1),
('40:40:a7:ba:5f:73', 'bbcdn.go.ibillboard.bbelements.com', 1),
('40:40:a7:ba:5f:73', 'bbcdn.go.idnes.bbelements.com', 1),
('40:40:a7:ba:5f:73', 'bbnaut.bbelements.com', 1),
('40:40:a7:ba:5f:73', 'bbnaut.ibillboard.com', 1),
('40:40:a7:ba:5f:73', 'bbnaut.m6r.eu', 1),
('40:40:a7:ba:5f:73', 'c-ng.imedia.cz', 1),
('40:40:a7:ba:5f:73', 'c.imedia.cz', 1),
('40:40:a7:ba:5f:73', 'cas.criteo.com', 1),
('40:40:a7:ba:5f:73', 'cdn.cpex.cz', 1),
('40:40:a7:ba:5f:73', 'cdn.onthe.io', 1),
('40:40:a7:ba:5f:73', 'cm.g.doubleclick.net', 1),
('40:40:a7:ba:5f:73', 'connect.facebook.net', 1),
('40:40:a7:ba:5f:73', 'connectivitycheck.gstatic.com', 1),
('40:40:a7:ba:5f:73', 'cpex.demdex.net', 1),
('40:40:a7:ba:5f:73', 'csi.gstatic.com', 1),
('40:40:a7:ba:5f:73', 'cz.search.etargetnet.com', 1),
('40:40:a7:ba:5f:73', 'd49-a.sdn.szn.cz', 1),
('40:40:a7:ba:5f:73', 'data.adsrvr.org', 1),
('40:40:a7:ba:5f:73', 'fimg-resp.seznam.cz', 1),
('40:40:a7:ba:5f:73', 'gcm.ctnsnet.com', 1),
('40:40:a7:ba:5f:73', 'go.cz.bbelements.com', 1),
('40:40:a7:ba:5f:73', 'go.idnes.bbelements.com', 1),
('40:40:a7:ba:5f:73', 'googleads.g.doubleclick.net', 1),
('40:40:a7:ba:5f:73', 'h.imedia.cz', 1),
('40:40:a7:ba:5f:73', 'i.ctnsnet.com', 1),
('40:40:a7:ba:5f:73', 'ih.adscale.de', 1),
('40:40:a7:ba:5f:73', 'image6.pubmatic.com', 1),
('40:40:a7:ba:5f:73', 'img.ihned.cz', 1),
('40:40:a7:ba:5f:73', 'incoming.telemetry.mozilla.org', 1),
('40:40:a7:ba:5f:73', 'js.adscale.de', 1),
('40:40:a7:ba:5f:73', 'klara.udplogger.androworks.org', 1),
('40:40:a7:ba:5f:73', 'log.trackad.cz', 1),
('40:40:a7:ba:5f:73', 'ls.hit.gemius.pl', 1),
('40:40:a7:ba:5f:73', 'mtalk.google.com', 1),
('40:40:a7:ba:5f:73', 'optimized-by.rubiconproject.com', 1),
('40:40:a7:ba:5f:73', 'p4-b5mswcqqztqeq-56cuox5mnchdf5cl-278402-i1-v6exp3-ds.metric.ipv6test.com', 1),
('40:40:a7:ba:5f:73', 'p4-b5mswcqqztqeq-56cuox5mnchdf5cl-278402-i2-v6exp3-ds.metric.ipv6test.net', 1),
('40:40:a7:ba:5f:73', 'p4-b5mswcqqztqeq-56cuox5mnchdf5cl-if-v6exp3-v4.metric.gstatic.com', 1),
('40:40:a7:ba:5f:73', 'pagead2.googlesyndication.com', 1),
('40:40:a7:ba:5f:73', 'pixel.cpex.cz', 1),
('40:40:a7:ba:5f:73', 'pixel.rubiconproject.com', 1),
('40:40:a7:ba:5f:73', 's1.adform.net', 1),
('40:40:a7:ba:5f:73', 'settings.crashlytics.com', 2),
('40:40:a7:ba:5f:73', 'spir.hit.gemius.pl', 1),
('40:40:a7:ba:5f:73', 'stats.g.doubleclick.net', 1),
('40:40:a7:ba:5f:73', 'sync.mathtag.com', 1),
('40:40:a7:ba:5f:73', 'tpc.googlesyndication.com', 1),
('40:40:a7:ba:5f:73', 'track.adform.net', 1),
('40:40:a7:ba:5f:73', 'trackad.cz', 1),
('40:40:a7:ba:5f:73', 'tracking.m6r.eu', 1),
('40:40:a7:ba:5f:73', 'tt.onthe.io', 1),
('40:40:a7:ba:5f:73', 'www.facebook.com', 1),
('40:40:a7:ba:5f:73', 'www.google-analytics.com', 1),
('40:40:a7:ba:5f:73', 'www.google.com', 2),
('40:40:a7:ba:5f:73', 'www.google.cz', 1),
('40:40:a7:ba:5f:73', 'www.googleadservices.com', 1),
('40:40:a7:ba:5f:73', 'www.googleapis.com', 1),
('40:40:a7:ba:5f:73', 'www.googletagmanager.com', 5),
('40:40:a7:ba:5f:73', 'www.idnes.cz', 1),
('70:28:8b:a3:eb:a3', 'alt3-mtalk.google.com', 2),
('70:28:8b:a3:eb:a3', 'c-ko.imedia.cz', 1),
('70:28:8b:a3:eb:a3', 'c-ng.imedia.cz', 1),
('70:28:8b:a3:eb:a3', 'clients4.google.com', 1),
('70:28:8b:a3:eb:a3', 'cz-gmtdmp.mookie1.com', 1),
('70:28:8b:a3:eb:a3', 'd25-a.sdn.szn.cz', 1),
('70:28:8b:a3:eb:a3', 'd48-a.sdn.szn.cz', 1),
('70:28:8b:a3:eb:a3', 'd49-a.sdn.szn.cz', 1),
('70:28:8b:a3:eb:a3', 'd53-a.sdn.szn.cz', 1),
('70:28:8b:a3:eb:a3', 'graph.facebook.com', 2),
('70:28:8b:a3:eb:a3', 'match.adsrvr.org', 1),
('70:28:8b:a3:eb:a3', 'mdc.pliing.com', 1),
('70:28:8b:a3:eb:a3', 'mds.pliing.com', 1),
('70:28:8b:a3:eb:a3', 'mtalk.google.com', 4),
('70:28:8b:a3:eb:a3', 'odr.mookie1.com', 1),
('70:28:8b:a3:eb:a3', 'pxl.jivox.com', 1),
('70:28:8b:a3:eb:a3', 'www.google.com', 6),
('70:28:8b:a3:eb:a3', 'www.googleapis.com', 4),
('b4:e1:c4:56:14:c0', 'api-global.netflix.com', 1),
('b4:e1:c4:56:14:c0', 'apidata.googleusercontent.com', 1),
('b4:e1:c4:56:14:c0', 'apresolve.spotify.com', 1),
('b4:e1:c4:56:14:c0', 'cbp.nccp.netflix.com', 2),
('b4:e1:c4:56:14:c0', 'client.wns.windows.com', 1),
('b4:e1:c4:56:14:c0', 'dc.services.visualstudio.com', 1),
('b4:e1:c4:56:14:c0', 'gew1-accesspoint-b-0t5h.ap.spotify.com', 1),
('b4:e1:c4:56:14:c0', 'go.microsoft.com', 1),
('b4:e1:c4:56:14:c0', 'imap.gmail.com', 1),
('b4:e1:c4:56:14:c0', 'inference.location.live.net', 1),
('b4:e1:c4:56:14:c0', 'mobile-ap.spotify.com', 1),
('b4:e1:c4:56:14:c0', 'occ-0-399-401.1.nflxso.net', 1),
('b4:e1:c4:56:14:c0', 'occ-1-399-401.1.nflxso.net', 1),
('b4:e1:c4:56:14:c0', 'occ-2-399-401.1.nflxso.net', 1),
('b4:e1:c4:56:14:c0', 'ocsp.digicert.com', 1),
('b4:e1:c4:56:14:c0', 's.symcd.com', 1),
('b4:e1:c4:56:14:c0', 'ss.symcd.com', 1),
('b4:e1:c4:56:14:c0', 'status.thawte.com', 1),
('b4:e1:c4:56:14:c0', 'tp.akam.nflximg.com', 1),
('b4:e1:c4:56:14:c0', 'vectmap.mapy.cz', 1),
('b4:e1:c4:56:14:c0', 'watson.telemetry.microsoft.com', 1),
('b4:e1:c4:56:14:c0', 'www.google.com', 1),
('b4:e1:c4:56:14:c0', 'www.msftconnecttest.com', 1),
('c0:ee:fb:59:ad:72', 'connectivitycheck.gstatic.com', 3),
('c8:25:e1:49:35:7c', '155.76.186.10.in-addr.arpa', 1),
('c8:25:e1:49:35:7c', '16.42.168.192.in-addr.arpa', 1),
('c8:25:e1:49:35:7c', '1gr.cz', 1),
('c8:25:e1:49:35:7c', 'a.blesk.cz', 1),
('c8:25:e1:49:35:7c', 'a.centrum.cz', 1),
('c8:25:e1:49:35:7c', 'a.denik.cz', 1),
('c8:25:e1:49:35:7c', 'abroad.apilocate.amap.com', 1),
('c8:25:e1:49:35:7c', 'adservice.google.com', 1),
('c8:25:e1:49:35:7c', 'adservice.google.cz', 1),
('c8:25:e1:49:35:7c', 'adx.adform.net', 1),
('c8:25:e1:49:35:7c', 'android.clients.google.com', 1),
('c8:25:e1:49:35:7c', 'android.googleapis.com', 1),
('c8:25:e1:49:35:7c', 'api.chat.xiaomi.net', 1),
('c8:25:e1:49:35:7c', 'api.facebook.com', 1),
('c8:25:e1:49:35:7c', 'api.github.com', 1),
('c8:25:e1:49:35:7c', 'api.io.mi.com', 1),
('c8:25:e1:49:35:7c', 'app-measurement.com', 1),
('c8:25:e1:49:35:7c', 'assets-cdn.github.com', 1),
('c8:25:e1:49:35:7c', 'assets.adobedtm.com', 1),
('c8:25:e1:49:35:7c', 'auto.idnes.cz', 1),
('c8:25:e1:49:35:7c', 'avatars0.githubusercontent.com', 1),
('c8:25:e1:49:35:7c', 'avatars1.githubusercontent.com', 1),
('c8:25:e1:49:35:7c', 'avatars2.githubusercontent.com', 1),
('c8:25:e1:49:35:7c', 'avatars3.githubusercontent.com', 1),
('c8:25:e1:49:35:7c', 'b-api.facebook.com', 2),
('c8:25:e1:49:35:7c', 'b-graph.facebook.com', 1),
('c8:25:e1:49:35:7c', 'backend.analights.com', 1),
('c8:25:e1:49:35:7c', 'bbcdn-tag.ibillboard.com', 1),
('c8:25:e1:49:35:7c', 'bbcdn.go.ibillboard.bbelements.com', 1),
('c8:25:e1:49:35:7c', 'bbnaut.ibillboard.com', 1),
('c8:25:e1:49:35:7c', 'beacons.gcp.gvt2.com', 2),
('c8:25:e1:49:35:7c', 'beacons5.gvt3.com', 1),
('c8:25:e1:49:35:7c', 'c-ng.imedia.cz', 1),
('c8:25:e1:49:35:7c', 'c.imedia.cz', 1),
('c8:25:e1:49:35:7c', 'cas.criteo.com', 1),
('c8:25:e1:49:35:7c', 'cdn.cpex.cz', 1),
('c8:25:e1:49:35:7c', 'check.googlezip.net', 1),
('c8:25:e1:49:35:7c', 'ci3.googleusercontent.com', 1),
('c8:25:e1:49:35:7c', 'ci5.googleusercontent.com', 1),
('c8:25:e1:49:35:7c', 'ci6.googleusercontent.com', 1),
('c8:25:e1:49:35:7c', 'clients3.google.com', 1),
('c8:25:e1:49:35:7c', 'clients4.google.com', 2),
('c8:25:e1:49:35:7c', 'collector.githubapp.com', 1),
('c8:25:e1:49:35:7c', 'connect.facebook.net', 1),
('c8:25:e1:49:35:7c', 'connectivitycheck.gstatic.com', 1),
('c8:25:e1:49:35:7c', 'cpex.demdex.net', 1),
('c8:25:e1:49:35:7c', 'cz.search.etargetnet.com', 1),
('c8:25:e1:49:35:7c', 'd49-a.sdn.szn.cz', 1),
('c8:25:e1:49:35:7c', 'data.idnes.cz', 1),
('c8:25:e1:49:35:7c', 'datasaver.googleapis.com', 1),
('c8:25:e1:49:35:7c', 'dfejgqmjcc', 1),
('c8:25:e1:49:35:7c', 'eloutyvtdygjjb', 1),
('c8:25:e1:49:35:7c', 'fonts.googleapis.com', 1),
('c8:25:e1:49:35:7c', 'fonts.gstatic.com', 1),
('c8:25:e1:49:35:7c', 'g.whatsapp.net', 1),
('c8:25:e1:49:35:7c', 'github-cloud.s3.amazonaws.com', 1),
('c8:25:e1:49:35:7c', 'github.com', 1),
('c8:25:e1:49:35:7c', 'go.cz.bbelements.com', 1),
('c8:25:e1:49:35:7c', 'go.idnes.bbelements.com', 1),
('c8:25:e1:49:35:7c', 'google.cz', 1),
('c8:25:e1:49:35:7c', 'googleads.g.doubleclick.net', 1),
('c8:25:e1:49:35:7c', 'graph.facebook.com', 3),
('c8:25:e1:49:35:7c', 'graph.instagram.com', 1),
('c8:25:e1:49:35:7c', 'h.imedia.cz', 1),
('c8:25:e1:49:35:7c', 'ia.idnes.cz', 1),
('c8:25:e1:49:35:7c', 'imasdk.googleapis.com', 1),
('c8:25:e1:49:35:7c', 'img.youtube.com', 1),
('c8:25:e1:49:35:7c', 'inbox.google.com', 1),
('c8:25:e1:49:35:7c', 'log.trackad.cz', 1),
('c8:25:e1:49:35:7c', 'ls.hit.gemius.pl', 1),
('c8:25:e1:49:35:7c', 'mmg-fna.whatsapp.net', 1),
('c8:25:e1:49:35:7c', 'mqtt-mini.facebook.com', 1),
('c8:25:e1:49:35:7c', 'mtalk.google.com', 1),
('c8:25:e1:49:35:7c', 'optimized-by.rubiconproject.com', 1),
('c8:25:e1:49:35:7c', 'pagead2.googlesyndication.com', 1),
('c8:25:e1:49:35:7c', 'pixel.cpex.cz', 1),
('c8:25:e1:49:35:7c', 'pixel.rubiconproject.com', 1),
('c8:25:e1:49:35:7c', 'proxy.googlezip.net', 2),
('c8:25:e1:49:35:7c', 'r1---sn-cgovpm-cg9e.googlevideo.com', 1),
('c8:25:e1:49:35:7c', 'r4---sn-2gb7sn7k.googlevideo.com', 1),
('c8:25:e1:49:35:7c', 'redirector.googlevideo.com', 1),
('c8:25:e1:49:35:7c', 'resolver.msg.xiaomi.net', 2),
('c8:25:e1:49:35:7c', 's0.2mdn.net', 1),
('c8:25:e1:49:35:7c', 's1.adform.net', 1),
('c8:25:e1:49:35:7c', 'spir.hit.gemius.pl', 1),
('c8:25:e1:49:35:7c', 'static.xx.fbcdn.net', 1),
('c8:25:e1:49:35:7c', 'stats.g.doubleclick.net', 1),
('c8:25:e1:49:35:7c', 'tishpsh', 1),
('c8:25:e1:49:35:7c', 'tpc.googlesyndication.com', 1),
('c8:25:e1:49:35:7c', 'track.adform.net', 1),
('c8:25:e1:49:35:7c', 'trackad.cz', 1),
('c8:25:e1:49:35:7c', 'user-images.githubusercontent.com', 1),
('c8:25:e1:49:35:7c', 'vpn.vutbr.cz', 2),
('c8:25:e1:49:35:7c', 'weatherapi.market.xiaomi.com', 1),
('c8:25:e1:49:35:7c', 'www.facebook.com', 1),
('c8:25:e1:49:35:7c', 'www.google-analytics.com', 2),
('c8:25:e1:49:35:7c', 'www.google.com', 4),
('c8:25:e1:49:35:7c', 'www.google.cz', 1),
('c8:25:e1:49:35:7c', 'www.googleadservices.com', 1),
('c8:25:e1:49:35:7c', 'www.googleapis.com', 1),
('c8:25:e1:49:35:7c', 'www.googletagmanager.com', 1),
('c8:25:e1:49:35:7c', 'www.gstatic.com', 1),
('c8:25:e1:49:35:7c', 'www.youtube.com', 1);

-- --------------------------------------------------------

--
-- Structure of the table `DNS_queries`
--

CREATE TABLE `DNS_queries` (
  `dns_query` varchar(170) NOT NULL,
  `total_count_ds1` int(11) DEFAULT '0',
  `IP_with_qry_ds1` int(11) DEFAULT '0',
  `IDF_ds1` float DEFAULT '0',
  `total_count_ds2` int(11) DEFAULT '0',
  `IP_with_qry_ds2` int(11) DEFAULT '0',
  `IDF_ds2` float DEFAULT '0'
) ENGINE=InnoDB DEFAULT CHARSET=utf8mb4;

--
-- Data for table `DNS_queries`
--

INSERT INTO `DNS_queries` (`dns_query`, `total_count_ds1`, `IP_with_qry_ds1`, `IDF_ds1`, `total_count_ds2`, `IP_with_qry_ds2`, `IDF_ds2`) VALUES
('0.ubuntu.pool.ntp.org', 0, 0, 0, 2, 1, 1.94591),
('1.0.42.10.in-addr.arpa', 1, 1, 2.56495, 0, 0, 0),
('1.im.cz', 1, 1, 2.56495, 0, 0, 0),
('1.ubuntu.pool.ntp.org', 0, 0, 0, 2, 1, 1.94591),
('10.im.cz', 2, 2, 1.8718, 0, 0, 0),
('134.0.42.10.in-addr.arpa', 4, 1, 2.56495, 0, 0, 0),
('136.215.186.10.in-addr.arpa', 1, 1, 2.56495, 0, 0, 0),
('155.76.186.10.in-addr.arpa', 0, 0, 0, 1, 1, 1.94591),
('16.42.168.192.in-addr.arpa', 0, 0, 0, 1, 1, 1.94591),
('162.0.42.10.in-addr.arpa', 1, 1, 2.56495, 0, 0, 0),
('171.0.42.10.in-addr.arpa', 1, 1, 2.56495, 0, 0, 0),
('1gr.cz', 0, 0, 0, 2, 2, 1.25276),
('2.android.pool.ntp.org', 5, 2, 1.8718, 0, 0, 0),
('2.meteor.androworks.org', 1, 1, 2.56495, 0, 0, 0),
('2.ubuntu.pool.ntp.org', 0, 0, 0, 2, 1, 1.94591),
('201.144.113.195.in-addr.arpa', 1, 1, 2.56495, 0, 0, 0),
('238.144.113.195.in-addr.arpa', 1, 1, 2.56495, 0, 0, 0),
('25.client-channel.google.com', 3, 1, 2.56495, 0, 0, 0),
('3.dl.delivery.mp.microsoft.com', 1, 1, 2.56495, 0, 0, 0),
('3.ubuntu.pool.ntp.org', 0, 0, 0, 2, 1, 1.94591),
('6a5edc300520d4037dd6-0732807511066685711db213ddc1d2df.ssl.cf2.rackcdn.com', 1, 1, 2.56495, 0, 0, 0),
('7.dl.delivery.mp.microsoft.com', 1, 1, 2.56495, 0, 0, 0),
('7.tlu.dl.delivery.mp.microsoft.com', 1, 1, 2.56495, 0, 0, 0),
('76.0.42.10.in-addr.arpa', 7, 1, 2.56495, 0, 0, 0),
('85.0.42.10.in-addr.arpa', 1, 1, 2.56495, 0, 0, 0),
('a.blesk.cz', 0, 0, 0, 2, 2, 1.25276),
('a.centrum.cz', 2, 1, 2.56495, 2, 2, 1.25276),
('a.denik.cz', 0, 0, 0, 2, 2, 1.25276),
('a248.e.akamai.net', 1, 1, 2.56495, 0, 0, 0),
('aa.agkn.com', 1, 1, 2.56495, 0, 0, 0),
('abqnpol', 1, 1, 2.56495, 0, 0, 0),
('abroad.apilocate.amap.com', 1, 1, 2.56495, 1, 1, 1.94591),
('abtest.mistat.xiaomi.com', 2, 1, 2.56495, 0, 0, 0),
('account-us.amazfit.com', 1, 1, 2.56495, 0, 0, 0),
('account-us.huami.com', 1, 1, 2.56495, 0, 0, 0),
('accounts.google.com', 8, 6, 0.77319, 0, 0, 0),
('accounts.google.cz', 1, 1, 2.56495, 0, 0, 0),
('accscdn.m.taobao.com', 4, 1, 2.56495, 0, 0, 0),
('acdn.adnxs.com', 1, 1, 2.56495, 0, 0, 0),
('activity.windows.com', 1, 1, 2.56495, 0, 0, 0),
('ad.doubleclick.net', 2, 2, 1.8718, 0, 0, 0),
('adadvisor.net', 1, 1, 2.56495, 0, 0, 0),
('ads.androworks.org', 0, 0, 0, 1, 1, 1.94591),
('ads.pubmatic.com', 1, 1, 2.56495, 0, 0, 0),
('ads.rubiconproject.com', 1, 1, 2.56495, 1, 1, 1.94591),
('ads2.czc.cz', 1, 1, 2.56495, 0, 0, 0),
('adservice.google.com', 1, 1, 2.56495, 2, 2, 1.25276),
('adservice.google.cz', 2, 2, 1.8718, 2, 2, 1.25276),
('adx.adform.net', 0, 0, 0, 2, 2, 1.25276),
('ae01.alicdn.com', 3, 2, 1.8718, 0, 0, 0),
('aeproductsourcesite.alicdn.com', 1, 1, 2.56495, 0, 0, 0),
('agem.clipsan.com', 1, 1, 2.56495, 0, 0, 0),
('ajax.aspnetcdn.com', 1, 1, 2.56495, 0, 0, 0),
('ajax.googleapis.com', 2, 2, 1.8718, 0, 0, 0),
('aktualne.disqus.com', 1, 1, 2.56495, 0, 0, 0),
('aladin.spekacek.com', 2, 2, 1.8718, 1, 1, 1.94591),
('aladin.udplogger.androworks.org', 3, 2, 1.8718, 1, 1, 1.94591),
('aladin2.spekacek.com', 1, 1, 2.56495, 0, 0, 0),
('allunite.com', 1, 1, 2.56495, 0, 0, 0),
('alog.umeng.com', 2, 1, 2.56495, 0, 0, 0),
('alt2-mtalk.google.com', 2, 1, 2.56495, 0, 0, 0),
('alt3-mtalk.google.com', 0, 0, 0, 2, 1, 1.94591),
('alt7-mtalk.google.com', 1, 1, 2.56495, 0, 0, 0),
('am3pap001.storage.live.com', 1, 1, 2.56495, 0, 0, 0),
('ampconfigprod.blob.core.windows.net', 1, 1, 2.56495, 0, 0, 0),
('ams1-ib.adnxs.com', 11, 1, 2.56495, 0, 0, 0),
('android.bugly.qq.com', 1, 1, 2.56495, 0, 0, 0),
('android.clients.google.com', 30, 9, 0.367725, 37, 2, 1.25276),
('android.googleapis.com', 11, 6, 0.77319, 1, 1, 1.94591),
('aotesdpw', 1, 1, 2.56495, 0, 0, 0),
('ap.spotify.com', 4, 1, 2.56495, 0, 0, 0),
('api-global.netflix.com', 0, 0, 0, 1, 1, 1.94591),
('api-mifit-us.huami.com', 2, 1, 2.56495, 0, 0, 0),
('api-us-sports.huami.com', 1, 1, 2.56495, 0, 0, 0),
('api-watch-us.huami.com', 2, 2, 1.8718, 0, 0, 0),
('api.accounts.firefox.com', 14, 1, 2.56495, 0, 0, 0),
('api.accuweather.com', 1, 1, 2.56495, 3, 1, 1.94591),
('api.bibblio.org', 2, 1, 2.56495, 0, 0, 0),
('api.chat.xiaomi.net', 0, 0, 0, 1, 1, 1.94591),
('api.conrad.com', 2, 1, 2.56495, 0, 0, 0),
('api.developer.xiaomi.com', 1, 1, 2.56495, 0, 0, 0),
('api.exponea.com', 1, 1, 2.56495, 1, 1, 1.94591),
('api.facebook.com', 0, 0, 0, 1, 1, 1.94591),
('api.fing.io', 9, 1, 2.56495, 0, 0, 0),
('api.github.com', 3, 1, 2.56495, 1, 1, 1.94591),
('api.imgur.com', 1, 1, 2.56495, 0, 0, 0),
('api.io.mi.com', 3, 1, 2.56495, 1, 1, 1.94591),
('api.microsofttranslator.com', 1, 1, 2.56495, 0, 0, 0),
('api.nextgen.guardianapps.co.uk', 1, 1, 2.56495, 0, 0, 0),
('api.sec.miui.com', 33, 1, 2.56495, 0, 0, 0),
('api.spotify.com', 1, 1, 2.56495, 0, 0, 0),
('api.traq.li', 1, 1, 2.56495, 0, 0, 0),
('api.twitter.com', 2, 1, 2.56495, 0, 0, 0),
('api.xda-developers.com', 1, 1, 2.56495, 0, 0, 0),
('api.zomato.com', 2, 1, 2.56495, 0, 0, 0),
('apidata.googleusercontent.com', 1, 1, 2.56495, 1, 1, 1.94591),
('apis.google.com', 2, 1, 2.56495, 0, 0, 0),
('app-measurement.com', 9, 3, 1.46634, 1, 1, 1.94591),
('app.adjust.com', 1, 1, 2.56495, 1, 1, 1.94591),
('app.chat.xiaomi.net', 1, 1, 2.56495, 0, 0, 0),
('app.fing.io', 2, 1, 2.56495, 0, 0, 0),
('app.konotor.com', 2, 1, 2.56495, 0, 0, 0),
('appcloud.mcafee.com', 2, 1, 2.56495, 0, 0, 0),
('appexmapsappupdate.blob.core.windows.net', 1, 1, 2.56495, 0, 0, 0),
('apresolve.spotify.com', 2, 1, 2.56495, 1, 1, 1.94591),
('argo.svcmot.com', 1, 1, 2.56495, 0, 0, 0),
('ash2-accesspoint-a114.ap.spotify.com', 1, 1, 2.56495, 0, 0, 0),
('asia.pool.ntp.org', 16, 1, 2.56495, 0, 0, 0),
('asset.conrad.com', 2, 1, 2.56495, 0, 0, 0),
('asset.mijnwebwinkel.nl', 2, 1, 2.56495, 0, 0, 0),
('assets-cdn.github.com', 2, 1, 2.56495, 1, 1, 1.94591),
('assets.adobedtm.com', 1, 1, 2.56495, 2, 2, 1.25276),
('assets.alicdn.com', 2, 1, 2.56495, 0, 0, 0),
('assets.guim.co.uk', 1, 1, 2.56495, 0, 0, 0),
('assets.quranexplorer.com', 1, 1, 2.56495, 0, 0, 0),
('assets.yozio.com', 17, 1, 2.56495, 0, 0, 0),
('atmamos.alicdn.com', 1, 1, 2.56495, 0, 0, 0),
('au.download.windowsupdate.com', 1, 1, 2.56495, 0, 0, 0),
('aus5.mozilla.org', 1, 1, 2.56495, 0, 0, 0),
('auto.idnes.cz', 0, 0, 0, 1, 1, 1.94591),
('av.cncenter.cz', 1, 1, 2.56495, 0, 0, 0),
('avatars0.githubusercontent.com', 1, 1, 2.56495, 1, 1, 1.94591),
('avatars1.githubusercontent.com', 1, 1, 2.56495, 1, 1, 1.94591),
('avatars2.githubusercontent.com', 1, 1, 2.56495, 1, 1, 1.94591),
('avatars3.githubusercontent.com', 0, 0, 0, 1, 1, 1.94591),
('az667904.vo.msecnd.net', 2, 1, 2.56495, 0, 0, 0),
('az851863.vo.msecnd.net', 1, 1, 2.56495, 0, 0, 0),
('azvkrtkzrozms', 1, 1, 2.56495, 0, 0, 0),
('b-api.facebook.com', 7, 3, 1.46634, 2, 1, 1.94591),
('b-graph.facebook.com', 2, 2, 1.8718, 1, 1, 1.94591),
('backend.analights.com', 0, 0, 0, 1, 1, 1.94591),
('bananapiwarehouse.com', 1, 1, 2.56495, 0, 0, 0),
('bbcdn-bbnaut.ibillboard.com', 0, 0, 0, 1, 1, 1.94591),
('bbcdn-tag.ibillboard.com', 0, 0, 0, 2, 2, 1.25276),
('bbcdn.go.cz.bbelements.com', 0, 0, 0, 1, 1, 1.94591),
('bbcdn.go.ibillboard.bbelements.com', 0, 0, 0, 2, 2, 1.25276),
('bbcdn.go.idnes.bbelements.com', 0, 0, 0, 1, 1, 1.94591),
('bbnaut.bbelements.com', 0, 0, 0, 1, 1, 1.94591),
('bbnaut.ibillboard.com', 0, 0, 0, 2, 2, 1.25276),
('bbnaut.m6r.eu', 0, 0, 0, 1, 1, 1.94591),
('beacon-eu2.rubiconproject.com', 1, 1, 2.56495, 0, 0, 0),
('beacon.errorception.com', 1, 1, 2.56495, 0, 0, 0),
('beacon.walmart.com', 1, 1, 2.56495, 0, 0, 0),
('beacons.gcp.gvt2.com', 0, 0, 0, 2, 1, 1.94591),
('beacons.gvt2.com', 1, 1, 2.56495, 0, 0, 0),
('beacons5.gvt3.com', 0, 0, 0, 1, 1, 1.94591),
('ben.crxmouse.com', 19, 1, 2.56495, 0, 0, 0),
('beta.doodle.com', 1, 1, 2.56495, 0, 0, 0),
('blob.weather.microsoft.com', 1, 1, 2.56495, 0, 0, 0),
('blocklists.settings.services.mozilla.com', 1, 1, 2.56495, 0, 0, 0),
('bn1302.storage.live.com', 2, 1, 2.56495, 0, 0, 0),
('bqq.gtimg.com', 1, 1, 2.56495, 0, 0, 0),
('buqnltrkfn', 1, 1, 2.56495, 0, 0, 0),
('bvtctdi', 1, 1, 2.56495, 0, 0, 0),
('c-ko.imedia.cz', 0, 0, 0, 1, 1, 1.94591),
('c-ng.imedia.cz', 0, 0, 0, 3, 3, 0.847298),
('c.bing.com', 1, 1, 2.56495, 0, 0, 0),
('c.bingapis.com', 1, 1, 2.56495, 0, 0, 0),
('c.imedia.cz', 1, 1, 2.56495, 2, 2, 1.25276),
('c1.adform.net', 3, 3, 1.46634, 0, 0, 0),
('cache.datamart.windows.com', 2, 1, 2.56495, 0, 0, 0),
('calendar.google.com', 2, 1, 2.56495, 0, 0, 0),
('camo.githubusercontent.com', 2, 1, 2.56495, 0, 0, 0),
('cas.criteo.com', 0, 0, 0, 2, 2, 1.25276),
('cbp.nccp.netflix.com', 0, 0, 0, 2, 1, 1.94591),
('cdn.adnxs.com', 1, 1, 2.56495, 0, 0, 0),
('cdn.ampproject.org', 1, 1, 2.56495, 0, 0, 0),
('cdn.awsusor0.fds.api.mi-img.com', 1, 1, 2.56495, 0, 0, 0),
('cdn.content.prod.cms.msn.com', 3, 1, 2.56495, 0, 0, 0),
('cdn.cpex.cz', 2, 1, 2.56495, 2, 2, 1.25276),
('cdn.ebaumsworld.com', 1, 1, 2.56495, 0, 0, 0),
('cdn.fbsbx.com', 1, 1, 2.56495, 0, 0, 0),
('cdn.feeds.ibt.com', 1, 1, 2.56495, 0, 0, 0),
('cdn.havecamerawilltravel.com', 2, 1, 2.56495, 0, 0, 0),
('cdn.i0.cz', 1, 1, 2.56495, 0, 0, 0),
('cdn.onenote.net', 1, 1, 2.56495, 0, 0, 0),
('cdn.onesignal.com', 1, 1, 2.56495, 0, 0, 0),
('cdn.onthe.io', 1, 1, 2.56495, 1, 1, 1.94591),
('cdn.syndication.twimg.com', 1, 1, 2.56495, 0, 0, 0),
('cdn1.xda-developers.com', 1, 1, 2.56495, 0, 0, 0),
('cdn2.doodle.com', 1, 1, 2.56495, 0, 0, 0),
('cdnvideo.ibt.com', 1, 1, 2.56495, 0, 0, 0),
('cdp1.public-trust.com', 1, 1, 2.56495, 0, 0, 0),
('ceement.rssx.hp.com', 2, 1, 2.56495, 0, 0, 0),
('check.googlezip.net', 0, 0, 0, 1, 1, 1.94591),
('chromecontentsuggestions-pa.googleapis.com', 2, 2, 1.8718, 0, 0, 0),
('ci3.googleusercontent.com', 0, 0, 0, 1, 1, 1.94591),
('ci4.googleusercontent.com', 1, 1, 2.56495, 0, 0, 0),
('ci5.googleusercontent.com', 1, 1, 2.56495, 1, 1, 1.94591),
('ci6.googleusercontent.com', 1, 1, 2.56495, 1, 1, 1.94591),
('cid-df97ec312a267f33.users.storage.live.com', 1, 1, 2.56495, 0, 0, 0),
('client-office365-tas.msedge.net', 2, 2, 1.8718, 0, 0, 0),
('client-s.gateway.messenger.live.com', 1, 1, 2.56495, 0, 0, 0),
('client.wns.windows.com', 4, 2, 1.8718, 1, 1, 1.94591),
('clients1.google.com', 8, 2, 1.8718, 0, 0, 0),
('clients1.google.cz', 2, 1, 2.56495, 0, 0, 0),
('clients2.google.com', 1, 1, 2.56495, 0, 0, 0),
('clients3.google.com', 33, 4, 1.17866, 2, 2, 1.25276),
('clients4.google.com', 24, 8, 0.485508, 4, 3, 0.847298),
('clients5.google.com', 1, 1, 2.56495, 0, 0, 0),
('clients6.google.com', 5, 1, 2.56495, 0, 0, 0),
('clientservices.googleapis.com', 5, 4, 1.17866, 0, 0, 0),
('cliqpnvh', 1, 1, 2.56495, 0, 0, 0),
('cloudconfig.googleapis.com', 8, 5, 0.955511, 1, 1, 1.94591),
('cm.g.doubleclick.net', 3, 3, 1.46634, 1, 1, 1.94591),
('cmap.alibaba.com', 1, 1, 2.56495, 0, 0, 0),
('cms.quantserve.com', 1, 1, 2.56495, 0, 0, 0),
('code.jquery.com', 4, 2, 1.8718, 0, 0, 0),
('collector.githubapp.com', 0, 0, 0, 1, 1, 1.94591),
('combo.b.qq.com', 2, 1, 2.56495, 0, 0, 0),
('config.edge.skype.com', 3, 3, 1.46634, 0, 0, 0),
('config.mobile.yahoo.com', 1, 1, 2.56495, 0, 0, 0),
('connect.facebook.net', 6, 3, 1.46634, 2, 2, 1.25276),
('connect.rom.miui.com', 1, 1, 2.56495, 0, 0, 0),
('connectivitycheck.gstatic.com', 46, 7, 0.619039, 5, 3, 0.847298),
('content.aimatch.com', 1, 1, 2.56495, 0, 0, 0),
('content.jwplatform.com', 1, 1, 2.56495, 0, 0, 0),
('content.methone.hpcloud.hp.net', 1, 1, 2.56495, 0, 0, 0),
('coupon.aliexpress.com', 1, 1, 2.56495, 0, 0, 0),
('cp601-prod.do.dsp.mp.microsoft.com', 2, 1, 2.56495, 0, 0, 0),
('cpex.demdex.net', 1, 1, 2.56495, 2, 2, 1.25276),
('cs.m.wikipedia.org', 2, 1, 2.56495, 0, 0, 0),
('cs.wikipedia.org', 1, 1, 2.56495, 0, 0, 0),
('csi.gstatic.com', 1, 1, 2.56495, 1, 1, 1.94591),
('ctldl.windowsupdate.com', 1, 1, 2.56495, 0, 0, 0),
('ctswxqitj', 1, 1, 2.56495, 0, 0, 0),
('cuscochromeextension-pa.googleapis.com', 8, 1, 2.56495, 0, 0, 0),
('cyrus.cesnet.cz', 1, 1, 2.56495, 1, 1, 1.94591),
('cz-gmtdmp.mookie1.com', 2, 2, 1.8718, 1, 1, 1.94591),
('cz.search.etargetnet.com', 1, 1, 2.56495, 2, 2, 1.25276),
('cz2.pliing.com', 1, 1, 2.56495, 0, 0, 0),
('czc.cz', 1, 1, 2.56495, 0, 0, 0),
('d.turn.com', 1, 1, 2.56495, 0, 0, 0),
('d25-a.sdn.szn.cz', 1, 1, 2.56495, 1, 1, 1.94591),
('d32-a.sdn.szn.cz', 1, 1, 2.56495, 0, 0, 0),
('d3cv4a9a9wh0bt.cloudfront.net', 2, 1, 2.56495, 0, 0, 0),
('d3lvr9brqkfl83.cloudfront.net', 2, 1, 2.56495, 0, 0, 0),
('d3n5x2l91yva9h.cloudfront.net', 1, 1, 2.56495, 0, 0, 0),
('d48-a.sdn.szn.cz', 1, 1, 2.56495, 1, 1, 1.94591),
('d49-a.sdn.szn.cz', 0, 0, 0, 3, 3, 0.847298),
('d53-a.sdn.szn.cz', 0, 0, 0, 1, 1, 1.94591),
('da.qidian.qq.com', 1, 1, 2.56495, 0, 0, 0),
('daisy.ubuntu.com', 0, 0, 0, 2, 1, 1.94591),
('data.adsrvr.org', 0, 0, 0, 1, 1, 1.94591),
('data.flurry.com', 1, 1, 2.56495, 0, 0, 0),
('data.idnes.cz', 0, 0, 0, 1, 1, 1.94591),
('data.mistat.xiaomi.com', 33, 2, 1.8718, 0, 0, 0),
('datasaver.googleapis.com', 0, 0, 0, 1, 1, 1.94591),
('daule5wo94k1j.cloudfront.net', 6, 1, 2.56495, 0, 0, 0),
('DB5SCH101101813.wns.windows.com', 1, 1, 2.56495, 0, 0, 0),
('DB5SCH101110123.wns.windows.com', 1, 1, 2.56495, 0, 0, 0),
('DB5SCH101110125.wns.windows.com', 1, 1, 2.56495, 0, 0, 0),
('DB5SCH103090616.wns.windows.com', 1, 1, 2.56495, 0, 0, 0),
('dc.di.atlas.samsung.com', 1, 1, 2.56495, 0, 0, 0),
('dc.services.visualstudio.com', 1, 1, 2.56495, 1, 1, 1.94591),
('de06.zopim.com', 1, 1, 2.56495, 0, 0, 0),
('decide.mixpanel.com', 2, 1, 2.56495, 0, 0, 0),
('delivery.performax.cz', 1, 1, 2.56495, 0, 0, 0),
('dev.virtualearth.net', 1, 1, 2.56495, 0, 0, 0),
('devexpert.fcawx.net', 1, 1, 2.56495, 0, 0, 0),
('dfejgqmjcc', 0, 0, 0, 1, 1, 1.94591),
('dh.serving-sys.com', 1, 1, 2.56495, 0, 0, 0),
('dis.criteo.com', 1, 1, 2.56495, 0, 0, 0),
('disc601-prod.do.dsp.mp.microsoft.com', 2, 1, 2.56495, 0, 0, 0),
('discovery-v4-2.syncthing.net', 1, 1, 2.56495, 0, 0, 0),
('discovery-v4-3.syncthing.net', 1, 1, 2.56495, 0, 0, 0),
('discovery-v4-4.syncthing.net', 6, 1, 2.56495, 0, 0, 0),
('discovery-v6-2.syncthing.net', 9, 1, 2.56495, 0, 0, 0),
('discovery-v6-3.syncthing.net', 9, 1, 2.56495, 0, 0, 0),
('discovery-v6-4.syncthing.net', 9, 1, 2.56495, 0, 0, 0),
('dl.delivery.mp.microsoft.com', 1, 1, 2.56495, 0, 0, 0),
('dl.google.com', 3, 2, 1.8718, 0, 0, 0),
('dl.ubnt.com', 0, 0, 0, 2, 1, 1.94591),
('dmp.adform.net', 1, 1, 2.56495, 0, 0, 0),
('dnn506yrbagrg.cloudfront.net', 1, 1, 2.56495, 0, 0, 0),
('dns.msftncsi.com', 6, 2, 1.8718, 0, 0, 0),
('docs.google.com', 3, 1, 2.56495, 0, 0, 0),
('dof27zbf2fly4.cloudfront.net', 1, 1, 2.56495, 0, 0, 0),
('dot.zbozi.cz', 1, 1, 2.56495, 0, 0, 0),
('download.windowsupdate.com', 1, 1, 2.56495, 0, 0, 0),
('downloads.circlegate.com', 2, 1, 2.56495, 0, 0, 0),
('dpedppisbdbl', 1, 1, 2.56495, 0, 0, 0),
('dpm.demdex.net', 1, 1, 2.56495, 0, 0, 0),
('drive.google.com', 1, 1, 2.56495, 0, 0, 0),
('dsp.adfarm1.adition.com', 1, 1, 2.56495, 0, 0, 0),
('dsum-sec.casalemedia.com', 1, 1, 2.56495, 0, 0, 0),
('dtfkrauxofykb', 1, 1, 2.56495, 0, 0, 0),
('dzx5lcii1eej8.cloudfront.net', 2, 1, 2.56495, 0, 0, 0),
('e.banana-pi.fr', 1, 1, 2.56495, 0, 0, 0),
('e.crashlytics.com', 3, 2, 1.8718, 0, 0, 0),
('e.dlx.addthis.com', 1, 1, 2.56495, 0, 0, 0),
('e.nexac.com', 1, 1, 2.56495, 0, 0, 0),
('e.so.com', 1, 1, 2.56495, 0, 0, 0),
('e11.whatsapp.net', 1, 1, 2.56495, 0, 0, 0),
('e16.whatsapp.net', 1, 1, 2.56495, 0, 0, 0),
('e5.whatsapp.net', 1, 1, 2.56495, 0, 0, 0),
('e697c78a.api.splkmobile.com', 1, 1, 2.56495, 0, 0, 0),
('e7.whatsapp.net', 2, 1, 2.56495, 0, 0, 0),
('easylist.to', 1, 1, 2.56495, 0, 0, 0),
('eb2.3lift.com', 1, 1, 2.56495, 0, 0, 0),
('ecn.dev.virtualearth.net', 1, 1, 2.56495, 0, 0, 0),
('edge-chat.facebook.com', 1, 1, 2.56495, 0, 0, 0),
('edge-mqtt.facebook.com', 31, 7, 0.619039, 0, 0, 0),
('ehrimee', 1, 1, 2.56495, 0, 0, 0),
('elb-p-dms-dls-uw1-737189181.us-west-1.elb.amazonaws.com', 1, 1, 2.56495, 0, 0, 0),
('eloutyvtdygjjb', 0, 0, 0, 1, 1, 1.94591),
('embeddedcomputer.nl', 2, 1, 2.56495, 0, 0, 0),
('emdl.ws.microsoft.com', 1, 1, 2.56495, 0, 0, 0),
('encrypted-tbn0.gstatic.com', 5, 2, 1.8718, 0, 0, 0),
('encrypted-tbn1.gstatic.com', 3, 2, 1.8718, 0, 0, 0),
('encrypted-tbn2.gstatic.com', 2, 1, 2.56495, 0, 0, 0),
('encrypted-tbn3.gstatic.com', 2, 2, 1.8718, 0, 0, 0),
('encrypted.google.com', 2, 1, 2.56495, 0, 0, 0),
('eoimages.gsfc.nasa.gov', 4, 1, 2.56495, 0, 0, 0),
('eu-disp.coolkit.cc', 1, 1, 2.56495, 0, 0, 0),
('eva.fit.vutbr.cz', 1, 1, 2.56495, 0, 0, 0),
('ew1.reg.bigdata.ssp.samsung.com', 1, 1, 2.56495, 4, 1, 1.94591),
('f-log-extension.grammarly.io', 1, 1, 2.56495, 0, 0, 0),
('fcmatch.google.com', 1, 1, 2.56495, 0, 0, 0),
('fcmatch.youtube.com', 1, 1, 2.56495, 0, 0, 0),
('fe2.update.microsoft.com', 1, 1, 2.56495, 0, 0, 0),
('fe3.delivery.mp.microsoft.com', 2, 2, 1.8718, 0, 0, 0),
('feedback.aliexpress.com', 1, 1, 2.56495, 0, 0, 0),
('fimg-resp.seznam.cz', 3, 2, 1.8718, 1, 1, 1.94591),
('find.api.micloud.xiaomi.net', 1, 1, 2.56495, 0, 0, 0),
('firefox.settings.services.mozilla.com', 3, 1, 2.56495, 0, 0, 0),
('fls-na.amazon.com', 2, 1, 2.56495, 0, 0, 0),
('fn4rgbqfzvvx3kt6cbze.44q6vt7lid5z6oacquovk5nv4rofiwi226d57ohrdxavxpgx.2l7oi7qwis3xji3dmacmu5b3eg6co4treu44mee2ehq2azqq.7gtnqgcmojat6k73.er.spotify.com', 3, 1, 2.56495, 0, 0, 0),
('fonts.googleapis.com', 8, 4, 1.17866, 1, 1, 1.94591),
('fonts.gstatic.com', 12, 5, 0.955511, 1, 1, 1.94591),
('forum.xda-developers.com', 1, 1, 2.56495, 0, 0, 0),
('freight.aliexpress.com', 1, 1, 2.56495, 0, 0, 0),
('g.whatsapp.net', 0, 0, 0, 1, 1, 1.94591),
('gate.hockeyapp.net', 1, 1, 2.56495, 0, 0, 0),
('gcm.ctnsnet.com', 0, 0, 0, 1, 1, 1.94591),
('gdecz.hit.gemius.pl', 1, 1, 2.56495, 0, 0, 0),
('geo-prod.do.dsp.mp.microsoft.com', 1, 1, 2.56495, 0, 0, 0),
('geo-um.btrll.com', 2, 2, 1.8718, 0, 0, 0),
('geo.seznam.cz', 1, 1, 2.56495, 0, 0, 0),
('geoip.fing.io', 1, 1, 2.56495, 0, 0, 0),
('geomobileservices-pa.googleapis.com', 1, 1, 2.56495, 0, 0, 0),
('geover-prod.do.dsp.mp.microsoft.com', 3, 1, 2.56495, 0, 0, 0),
('gew1-accesspoint-b-0t5h.ap.spotify.com', 0, 0, 0, 1, 1, 1.94591),
('gew1-accesspoint-b-3h91.ap.spotify.com', 1, 1, 2.56495, 0, 0, 0),
('gew1-accesspoint-b-ndrq.ap.spotify.com', 1, 1, 2.56495, 0, 0, 0),
('ghitfjvk', 1, 1, 2.56495, 0, 0, 0),
('github-cloud.s3.amazonaws.com', 0, 0, 0, 1, 1, 1.94591),
('github.com', 3, 1, 2.56495, 1, 1, 1.94591),
('gj.symcd.com', 1, 1, 2.56495, 0, 0, 0),
('global.ib-ibi.com', 1, 1, 2.56495, 0, 0, 0),
('glrhmsy', 1, 1, 2.56495, 0, 0, 0),
('gm.symcd.com', 1, 1, 2.56495, 0, 0, 0),
('gmail.com', 1, 1, 2.56495, 0, 0, 0),
('gn.symcd.com', 1, 1, 2.56495, 0, 0, 0),
('go.cz.bbelements.com', 0, 0, 0, 2, 2, 1.25276),
('go.idnes.bbelements.com', 0, 0, 0, 2, 2, 1.25276),
('go.microsoft.com', 1, 1, 2.56495, 1, 1, 1.94591),
('goldsilver.herokuapp.com', 1, 1, 2.56495, 0, 0, 0),
('google.com', 16, 2, 1.8718, 0, 0, 0),
('google.cz', 0, 0, 0, 1, 1, 1.94591),
('googleads.g.doubleclick.net', 7, 3, 1.46634, 2, 2, 1.25276),
('googleads4.g.doubleclick.net', 1, 1, 2.56495, 0, 0, 0),
('gp.symcd.com', 1, 1, 2.56495, 0, 0, 0),
('graph.facebook.com', 40, 6, 0.77319, 5, 2, 1.25276),
('graph.instagram.com', 7, 1, 2.56495, 1, 1, 1.94591),
('h.imedia.cz', 3, 3, 1.46634, 2, 2, 1.25276),
('h19001.www1.hp.com', 1, 1, 2.56495, 0, 0, 0),
('h20572.www2.hp.com', 2, 1, 2.56495, 0, 0, 0),
('hangouts.google.com', 1, 1, 2.56495, 0, 0, 0),
('havecamerawilltravel.com', 1, 1, 2.56495, 0, 0, 0),
('hb.crm2.qq.com', 1, 1, 2.56495, 0, 0, 0),
('hddotzutyvdtn', 1, 1, 2.56495, 0, 0, 0),
('heise-de.arc.epoq.de', 1, 1, 2.56495, 0, 0, 0),
('heureka.cz', 1, 1, 2.56495, 0, 0, 0),
('hit-pool.upscore.io', 1, 1, 2.56495, 0, 0, 0),
('hm.xiaomi.com', 9, 1, 2.56495, 0, 0, 0),
('hpdziqhuluz', 1, 1, 2.56495, 0, 0, 0),
('hytoyut', 1, 1, 2.56495, 0, 0, 0),
('i.alicdn.com', 1, 1, 2.56495, 0, 0, 0),
('i.ctnsnet.com', 0, 0, 0, 1, 1, 1.94591),
('i.czc.cz', 1, 1, 2.56495, 0, 0, 0),
('i.guim.co.uk', 1, 1, 2.56495, 0, 0, 0),
('i.iinfo.cz', 1, 1, 2.56495, 0, 0, 0),
('i.imedia.cz', 2, 2, 1.8718, 0, 0, 0),
('i.imgur.com', 1, 1, 2.56495, 0, 0, 0),
('i.instagram.com', 2, 1, 2.56495, 0, 0, 0),
('i.ytimg.com', 3, 3, 1.46634, 0, 0, 0),
('i0.cz', 1, 1, 2.56495, 0, 0, 0),
('i0.kym-cdn.com', 1, 1, 2.56495, 0, 0, 0),
('i1.ytimg.com', 1, 1, 2.56495, 0, 0, 0),
('ia.idnes.cz', 0, 0, 0, 1, 1, 1.94591),
('ib.adnxs.com', 2, 2, 1.8718, 0, 0, 0),
('iceprime_msnapp-iceprime-c2s.msedge.net', 1, 1, 2.56495, 0, 0, 0),
('id.google.cz', 2, 2, 1.8718, 0, 0, 0),
('iecgvshxokjpai', 1, 1, 2.56495, 0, 0, 0),
('iecvlist.microsoft.com', 1, 1, 2.56495, 0, 0, 0),
('ieonlinews.microsoft.com', 1, 1, 2.56495, 0, 0, 0),
('ih.adscale.de', 0, 0, 0, 1, 1, 1.94591),
('ihned.cz', 1, 1, 2.56495, 0, 0, 0),
('im9.cz', 5, 1, 2.56495, 0, 0, 0),
('image2.pubmatic.com', 1, 1, 2.56495, 0, 0, 0),
('image4.pubmatic.com', 1, 1, 2.56495, 0, 0, 0),
('image6.pubmatic.com', 1, 1, 2.56495, 1, 1, 1.94591),
('images-lso-opensocial.googleusercontent.com', 1, 1, 2.56495, 0, 0, 0),
('images-na.ssl-images-amazon.com', 3, 2, 1.8718, 0, 0, 0),
('images.bibblio.org', 2, 1, 2.56495, 0, 0, 0),
('imap.fit.vutbr.cz', 22, 1, 2.56495, 0, 0, 0),
('imap.gmail.com', 1, 1, 2.56495, 1, 1, 1.94591),
('imasdk.googleapis.com', 0, 0, 0, 1, 1, 1.94591),
('img.blesk.cz', 1, 1, 2.56495, 0, 0, 0),
('img.cncenter.cz', 1, 1, 2.56495, 0, 0, 0),
('img.e15.cz', 1, 1, 2.56495, 0, 0, 0),
('img.ihned.cz', 1, 1, 2.56495, 1, 1, 1.94591),
('img.youtube.com', 1, 1, 2.56495, 1, 1, 1.94591),
('img1.wsimg.com', 1, 1, 2.56495, 0, 0, 0),
('imgur.com', 1, 1, 2.56495, 0, 0, 0),
('imp.performax.cz', 1, 1, 2.56495, 0, 0, 0),
('inbox.google.com', 0, 0, 0, 1, 1, 1.94591),
('incoming.telemetry.mozilla.org', 4, 1, 2.56495, 1, 1, 1.94591),
('inference.location.live.net', 1, 1, 2.56495, 1, 1, 1.94591),
('inzftrwszrrmofr', 1, 1, 2.56495, 0, 0, 0),
('iphone-xml.booking.com', 1, 1, 2.56495, 1, 1, 1.94591),
('is.alicdn.com', 1, 1, 2.56495, 0, 0, 0),
('isdspeed.qq.com', 1, 1, 2.56495, 0, 0, 0),
('islamicsupremecouncil.org', 1, 1, 2.56495, 0, 0, 0),
('isrg.trustid.ocsp.identrust.com', 1, 1, 2.56495, 0, 0, 0),
('js.adscale.de', 0, 0, 0, 1, 1, 1.94591),
('jwpltx.com', 1, 1, 2.56495, 0, 0, 0),
('kazi.fit.vutbr.cz', 25, 2, 1.8718, 1, 1, 1.94591),
('keshjkj', 1, 1, 2.56495, 0, 0, 0),
('khznswajxged', 1, 1, 2.56495, 0, 0, 0),
('klara.udplogger.androworks.org', 9, 3, 1.46634, 2, 2, 1.25276),
('kmspop.com', 1, 1, 2.56495, 0, 0, 0),
('kv601-prod.do.dsp.mp.microsoft.com', 1, 1, 2.56495, 0, 0, 0),
('kvvuaawe6qifqcyn63jq.3nsrd2qkubssrawwrmh6fhyplp4qr2i4mtjcm3e6d7q6hprh.vqtjnwwugo42vpwupleiculhtusydphnsxvcuojwbcjzp46u.u7fdtuaoys6iijnr.er.spotify.com', 2, 1, 2.56495, 0, 0, 0),
('labs-lb.xda-developers.com', 1, 1, 2.56495, 0, 0, 0),
('labs-mqtt.xda-developers.com', 2, 1, 2.56495, 0, 0, 0),
('lh3.ggpht.com', 2, 2, 1.8718, 0, 0, 0),
('lh3.googleusercontent.com', 7, 5, 0.955511, 0, 0, 0),
('lh4.ggpht.com', 2, 2, 1.8718, 0, 0, 0),
('lh4.googleusercontent.com', 5, 3, 1.46634, 0, 0, 0),
('lh5.ggpht.com', 2, 2, 1.8718, 0, 0, 0),
('lh5.googleusercontent.com', 3, 1, 2.56495, 0, 0, 0),
('lh6.ggpht.com', 2, 2, 1.8718, 0, 0, 0),
('lh6.googleusercontent.com', 3, 2, 1.8718, 0, 0, 0),
('lighthouse.aliexpress.com', 1, 1, 2.56495, 0, 0, 0),
('link.e.doodle.com', 1, 1, 2.56495, 0, 0, 0),
('live.github.com', 1, 1, 2.56495, 0, 0, 0),
('local', 0, 0, 0, 2, 1, 1.94591),
('log.trackad.cz', 0, 0, 0, 2, 2, 1.25276),
('login.live.com', 3, 2, 1.8718, 0, 0, 0),
('login.szn.cz', 1, 1, 2.56495, 0, 0, 0),
('login.wikimedia.org', 1, 1, 2.56495, 0, 0, 0),
('logos.tlecdn.net', 1, 1, 2.56495, 0, 0, 0),
('lookaside.fbsbx.com', 2, 2, 1.8718, 0, 0, 0),
('ls.hit.gemius.pl', 3, 3, 1.46634, 2, 2, 1.25276),
('luygkmmujepaj', 1, 1, 2.56495, 0, 0, 0),
('m.adnxs.com', 1, 1, 2.56495, 0, 0, 0),
('m.facebook.com', 4, 2, 1.8718, 0, 0, 0),
('m.imgur.com', 1, 1, 2.56495, 0, 0, 0),
('m.media-amazon.com', 1, 1, 2.56495, 0, 0, 0),
('m.novinky.cz', 2, 2, 1.8718, 0, 0, 0),
('m.odpovedi.cz', 1, 1, 2.56495, 0, 0, 0),
('m.quantcount.com', 2, 1, 2.56495, 0, 0, 0),
('m.vk.com', 3, 1, 2.56495, 0, 0, 0),
('m.youtube.com', 2, 2, 1.8718, 0, 0, 0),
('mail.google.com', 9, 4, 1.17866, 0, 0, 0),
('mail.grantcapital.cz', 46, 1, 2.56495, 0, 0, 0),
('mail.wollo.eu', 46, 1, 2.56495, 0, 0, 0),
('maps.gstatic.com', 1, 1, 2.56495, 0, 0, 0),
('match.adsrvr.org', 3, 3, 1.46634, 1, 1, 1.94591),
('maxcdn.bootstrapcdn.com', 3, 1, 2.56495, 0, 0, 0),
('mdc.pliing.com', 0, 0, 0, 1, 1, 1.94591),
('mdomjurnzzge', 1, 1, 2.56495, 0, 0, 0),
('mds.pliing.com', 1, 1, 2.56495, 1, 1, 1.94591),
('mds3.pliing.com', 1, 1, 2.56495, 0, 0, 0),
('media.licdn.com', 1, 1, 2.56495, 0, 0, 0),
('message.aliexpress.com', 1, 1, 2.56495, 0, 0, 0),
('meteor.udplogger.androworks.org', 6, 3, 1.46634, 0, 0, 0),
('mini5.opera-mini.net', 1, 1, 2.56495, 0, 0, 0),
('mirror.cedia.org.ec', 1, 1, 2.56495, 0, 0, 0),
('mmg-fna.whatsapp.net', 0, 0, 0, 1, 1, 1.94591),
('mobile-ap.spotify.com', 0, 0, 0, 1, 1, 1.94591),
('mobile.lidl.de', 1, 1, 2.56495, 0, 0, 0),
('mobile.pipe.aria.microsoft.com', 1, 1, 2.56495, 0, 0, 0),
('mobile.twitter.com', 1, 1, 2.56495, 0, 0, 0),
('moduleanalysis.aliexpress.com', 1, 1, 2.56495, 0, 0, 0),
('mqtt-mini.facebook.com', 25, 4, 1.17866, 1, 1, 1.94591),
('mqtt-p4.facebook.com', 4, 2, 1.8718, 0, 0, 0),
('mtalk.google.com', 7, 6, 0.77319, 6, 3, 0.847298),
('mtalk4.google.com', 4, 2, 1.8718, 1, 1, 1.94591),
('mtu.bluemailapp.com', 1, 1, 2.56495, 0, 0, 0),
('my.aliexpress.com', 1, 1, 2.56495, 0, 0, 0),
('myaccount.google.com', 1, 1, 2.56495, 0, 0, 0),
('newsletter.alternate.de', 2, 1, 2.56495, 0, 0, 0),
('nexus.officeapps.live.com', 2, 1, 2.56495, 0, 0, 0),
('nexusrules.officeapps.live.com', 1, 1, 2.56495, 0, 0, 0),
('notifications.google.com', 4, 1, 2.56495, 0, 0, 0),
('notifications5.truecaller.com', 1, 1, 2.56495, 0, 0, 0),
('notify.bugsnag.com', 1, 1, 2.56495, 0, 0, 0),
('ntp.nict.jp', 1, 1, 2.56495, 0, 0, 0),
('ntp.ubuntu.com', 0, 0, 0, 2, 1, 1.94591),
('o.ss2.us', 1, 1, 2.56495, 0, 0, 0),
('oauth.accounts.firefox.com', 1, 1, 2.56495, 0, 0, 0),
('occ-0-399-401.1.nflxso.net', 0, 0, 0, 1, 1, 1.94591),
('occ-1-399-401.1.nflxso.net', 0, 0, 0, 1, 1, 1.94591),
('occ-2-399-401.1.nflxso.net', 0, 0, 0, 1, 1, 1.94591),
('ocsp.comodoca.com', 2, 2, 1.8718, 0, 0, 0),
('ocsp.comodoca4.com', 1, 1, 2.56495, 0, 0, 0),
('ocsp.digicert.com', 3, 3, 1.46634, 1, 1, 1.94591),
('ocsp.godaddy.com', 1, 1, 2.56495, 0, 0, 0),
('ocsp.int-x3.letsencrypt.org', 1, 1, 2.56495, 0, 0, 0),
('ocsp.msocsp.com', 1, 1, 2.56495, 0, 0, 0),
('ocsp.pki.goog', 1, 1, 2.56495, 0, 0, 0),
('odr.mookie1.com', 2, 2, 1.8718, 1, 1, 1.94591),
('office2.cesnet.cz', 38, 1, 2.56495, 0, 0, 0),
('officeclient.microsoft.com', 1, 1, 2.56495, 0, 0, 0),
('ogs.google.com', 8, 1, 2.56495, 0, 0, 0),
('ols.officeapps.live.com', 1, 1, 2.56495, 0, 0, 0),
('optimized-by.rubiconproject.com', 1, 1, 2.56495, 2, 2, 1.25276),
('ospedvn', 1, 1, 2.56495, 0, 0, 0),
('outlook.office365.com', 9, 1, 2.56495, 0, 0, 0),
('p.adsymptotic.com', 2, 2, 1.8718, 0, 0, 0),
('p.rfihub.com', 2, 2, 1.8718, 0, 0, 0),
('p4-b5mswcqqztqeq-56cuox5mnchdf5cl-278402-i1-v6exp3-ds.metric.ipv6test.com', 0, 0, 0, 1, 1, 1.94591),
('p4-b5mswcqqztqeq-56cuox5mnchdf5cl-278402-i2-v6exp3-ds.metric.ipv6test.net', 0, 0, 0, 1, 1, 1.94591),
('p4-b5mswcqqztqeq-56cuox5mnchdf5cl-if-v6exp3-v4.metric.gstatic.com', 0, 0, 0, 1, 1, 1.94591),
('pagead2.googlesyndication.com', 3, 2, 1.8718, 2, 2, 1.25276),
('pametove-karty-micro-sd.heureka.cz', 3, 1, 2.56495, 0, 0, 0),
('pametove-karty.heureka.cz', 5, 1, 2.56495, 0, 0, 0),
('paxszuoovqki', 1, 1, 2.56495, 0, 0, 0),
('pbs.twimg.com', 2, 2, 1.8718, 0, 0, 0),
('pbzdkdxfbjkkk', 1, 1, 2.56495, 0, 0, 0),
('pca-g3-ocsp.geotrust.com', 1, 1, 2.56495, 0, 0, 0),
('pdw-adf.userreport.com', 1, 1, 2.56495, 0, 0, 0),
('people-pa.clients6.google.com', 1, 1, 2.56495, 0, 0, 0),
('personalization.services.msn.com', 1, 1, 2.56495, 0, 0, 0),
('pics.me.me', 1, 1, 2.56495, 0, 0, 0),
('ping.chartbeat.net', 1, 1, 2.56495, 0, 0, 0),
('pixel-eu.rubiconproject.com', 1, 1, 2.56495, 0, 0, 0),
('pixel.cpex.cz', 1, 1, 2.56495, 2, 2, 1.25276),
('pixel.mathtag.com', 1, 1, 2.56495, 0, 0, 0),
('pixel.rubiconproject.com', 2, 2, 1.8718, 2, 2, 1.25276),
('pki.google.com', 1, 1, 2.56495, 0, 0, 0),
('platform.twitter.com', 4, 3, 1.46634, 0, 0, 0),
('play.google.com', 11, 2, 1.8718, 0, 0, 0),
('play.googleapis.com', 24, 7, 0.619039, 2, 1, 1.94591),
('playatoms-pa.googleapis.com', 1, 1, 2.56495, 0, 0, 0),
('pliing.com', 1, 1, 2.56495, 0, 0, 0),
('plus.google.com', 1, 1, 2.56495, 0, 0, 0),
('pm.w55c.net', 2, 2, 1.8718, 0, 0, 0),
('pocasi-backend.aktualne.cz', 1, 1, 2.56495, 0, 0, 0),
('pocasi-moravio.centrum.cz', 1, 1, 2.56495, 0, 0, 0),
('pool.ntp.org', 2, 1, 2.56495, 0, 0, 0),
('portal.fb.com', 15, 4, 1.17866, 0, 0, 0),
('pr-bh.ybp.yahoo.com', 2, 2, 1.8718, 0, 0, 0),
('prace.bazos.cz', 1, 1, 2.56495, 0, 0, 0),
('presence-grpc.truecaller.com', 9, 1, 2.56495, 0, 0, 0),
('prod.translator.bingaugmentedreality.net', 1, 1, 2.56495, 0, 0, 0),
('profile.accounts.firefox.com', 14, 1, 2.56495, 0, 0, 0),
('prom.b.qq.com', 1, 1, 2.56495, 0, 0, 0),
('promo.fing.io', 1, 1, 2.56495, 0, 0, 0),
('promotion.aliexpress.com', 1, 1, 2.56495, 0, 0, 0),
('proxy.googlezip.net', 0, 0, 0, 2, 1, 1.94591),
('ps.ibt.com', 1, 1, 2.56495, 0, 0, 0),
('pubtran-backend.mapy.cz', 1, 1, 2.56495, 0, 0, 0),
('pukuxgr', 1, 1, 2.56495, 0, 0, 0),
('pxl.jivox.com', 1, 1, 2.56495, 1, 1, 1.94591),
('r.i0.cz', 1, 1, 2.56495, 0, 0, 0),
('r.turn.com', 1, 1, 2.56495, 0, 0, 0),
('r1---sn-cgovpm-cg9e.googlevideo.com', 0, 0, 0, 1, 1, 1.94591),
('r13---sn-2gb7ln7d.googlevideo.com', 1, 1, 2.56495, 0, 0, 0),
('r2---sn-2gb7sn7s.googlevideo.com', 2, 1, 2.56495, 0, 0, 0),
('r2---sn-4g5ednss.googlevideo.com', 1, 1, 2.56495, 0, 0, 0),
('r2---sn-cgovpm-cg9e.gvt1.com', 1, 1, 2.56495, 1, 1, 1.94591),
('r4---sn-2gb7sn7k.googlevideo.com', 0, 0, 0, 1, 1, 1.94591),
('r4---sn-cgovpm-cg9e.googlevideo.com', 1, 1, 2.56495, 0, 0, 0),
('raw.githubusercontent.com', 5, 1, 2.56495, 0, 0, 0),
('read.quranexplorer.com', 1, 1, 2.56495, 0, 0, 0),
('recommend.aktualne.cz', 1, 1, 2.56495, 0, 0, 0),
('redirect.frontend.weborama.fr', 1, 1, 2.56495, 0, 0, 0),
('redirector.googlevideo.com', 0, 0, 0, 1, 1, 1.94591),
('relays.syncthing.net', 1, 1, 2.56495, 0, 0, 0),
('resolver.msg.xiaomi.net', 2, 2, 1.8718, 2, 1, 1.94591),
('rlx.sk', 1, 1, 2.56495, 0, 0, 0),
('rs.epoq.de', 1, 1, 2.56495, 0, 0, 0),
('rtb-csync.smartadserver.com', 1, 1, 2.56495, 0, 0, 0),
('rtb.imedia.cz', 2, 2, 1.8718, 0, 0, 0),
('rtp.persoo.cz', 9, 1, 2.56495, 0, 0, 0),
('rum-collector.pingdom.net', 1, 1, 2.56495, 0, 0, 0),
('rum-static.pingdom.net', 1, 1, 2.56495, 0, 0, 0),
('rupload.facebook.com', 1, 1, 2.56495, 0, 0, 0),
('rzqszziezv', 1, 1, 2.56495, 0, 0, 0),
('s.amazon-adsystem.com', 1, 1, 2.56495, 0, 0, 0),
('s.imedia.cz', 2, 2, 1.8718, 0, 0, 0),
('s.imgur.com', 1, 1, 2.56495, 0, 0, 0),
('s.newsweek.com', 1, 1, 2.56495, 0, 0, 0),
('s.symcd.com', 1, 1, 2.56495, 1, 1, 1.94591),
('s.thebrighttag.com', 1, 1, 2.56495, 0, 0, 0),
('s.union.360.cn', 1, 1, 2.56495, 0, 0, 0),
('s.update.rubiconproject.com', 1, 1, 2.56495, 0, 0, 0),
('s.ytimg.com', 2, 2, 1.8718, 0, 0, 0),
('s0.2mdn.net', 0, 0, 0, 1, 1, 1.94591),
('s0.qhimg.com', 1, 1, 2.56495, 0, 0, 0),
('s1.2mdn.net', 1, 1, 2.56495, 0, 0, 0),
('s1.adform.net', 1, 1, 2.56495, 2, 2, 1.25276),
('s2.googleusercontent.com', 2, 2, 1.8718, 0, 0, 0),
('safebrowsing-cache.google.com', 2, 1, 2.56495, 0, 0, 0),
('safebrowsing.google.com', 5, 3, 1.46634, 0, 0, 0),
('safebrowsing.googleapis.com', 6, 3, 1.46634, 1, 1, 1.94591),
('safebrowsing.googleusercontent.com', 1, 1, 2.56495, 0, 0, 0),
('sb-components.glopal.com', 2, 1, 2.56495, 0, 0, 0),
('scontent-ams3-1.cdninstagram.com', 1, 1, 2.56495, 0, 0, 0),
('scontent-ams3-1.xx.fbcdn.net', 3, 3, 1.46634, 0, 0, 0),
('scontent.xx.fbcdn.net', 4, 3, 1.46634, 0, 0, 0),
('script.hotjar.com', 1, 1, 2.56495, 0, 0, 0),
('scz.hit.gemius.pl', 1, 1, 2.56495, 0, 0, 0),
('sdkconfig.ad.intl.xiaomi.com', 2, 1, 2.56495, 0, 0, 0),
('search.services.mozilla.com', 1, 1, 2.56495, 0, 0, 0),
('search.seznam.cz', 1, 1, 2.56495, 0, 0, 0),
('secure-assets.rubiconproject.com', 1, 1, 2.56495, 0, 0, 0),
('secure.adnxs.com', 2, 2, 1.8718, 0, 0, 0),
('securepubads.g.doubleclick.net', 1, 1, 2.56495, 0, 0, 0),
('serve.productads.cz', 7, 1, 2.56495, 0, 0, 0),
('service.game-mode.net', 2, 1, 2.56495, 0, 0, 0),
('service.weather.microsoft.com', 5, 2, 1.8718, 0, 0, 0),
('services.addons.mozilla.org', 1, 1, 2.56495, 0, 0, 0),
('settings-win.data.microsoft.com', 1, 1, 2.56495, 0, 0, 0),
('settings.crashlytics.com', 19, 5, 0.955511, 2, 1, 1.94591),
('settings.data.microsoft.com', 1, 1, 2.56495, 0, 0, 0),
('sgnxfbpjpugwx', 1, 1, 2.56495, 0, 0, 0),
('shavar.services.mozilla.com', 1, 1, 2.56495, 0, 0, 0),
('shop.heise.de', 2, 1, 2.56495, 0, 0, 0),
('shopapi.io.mi.com', 1, 1, 2.56495, 0, 0, 0),
('simage2.pubmatic.com', 1, 1, 2.56495, 0, 0, 0),
('simage4.pubmatic.com', 1, 1, 2.56495, 0, 0, 0),
('sk.adocean.pl', 1, 1, 2.56495, 0, 0, 0),
('sls.update.microsoft.com', 1, 1, 2.56495, 0, 0, 0),
('smtp.gmail.com', 1, 1, 2.56495, 0, 0, 0),
('snippets.cdn.mozilla.net', 1, 1, 2.56495, 0, 0, 0),
('spclient.wg.spotify.com', 3, 1, 2.56495, 0, 0, 0),
('spir.hit.gemius.pl', 3, 3, 1.46634, 2, 2, 1.25276),
('spsprodch1su1dedicatedsb12.servicebus.windows.net', 4, 1, 2.56495, 0, 0, 0),
('srv1.shouldianswer.net', 1, 1, 2.56495, 0, 0, 0),
('srv2.shouldianswer.net', 1, 1, 2.56495, 0, 0, 0),
('ss.symcd.com', 1, 1, 2.56495, 1, 1, 1.94591),
('ssl.google-analytics.com', 10, 4, 1.17866, 0, 0, 0),
('ssl.gstatic.com', 13, 4, 1.17866, 0, 0, 0),
('ssl.p.jwpcdn.com', 2, 2, 1.8718, 0, 0, 0),
('stat.heiseshop.de', 1, 1, 2.56495, 0, 0, 0),
('static-tagr.gd1.mookie1.com', 2, 2, 1.8718, 0, 0, 0),
('static.chartbeat.com', 1, 1, 2.56495, 0, 0, 0),
('static.doubleclick.net', 1, 1, 2.56495, 0, 0, 0),
('static.hotjar.com', 1, 1, 2.56495, 0, 0, 0),
('static.mijnwebwinkel.nl', 2, 1, 2.56495, 0, 0, 0),
('static.tme.eu', 1, 1, 2.56495, 0, 0, 0),
('static.xx.fbcdn.net', 1, 1, 2.56495, 1, 1, 1.94591),
('static1.tme.eu', 2, 1, 2.56495, 0, 0, 0),
('static2.tme.eu', 1, 1, 2.56495, 0, 0, 0),
('static3.tme.eu', 2, 1, 2.56495, 0, 0, 0),
('static4.tme.eu', 2, 1, 2.56495, 0, 0, 0),
('staticxx.facebook.com', 3, 3, 1.46634, 0, 0, 0),
('stats.g.doubleclick.net', 3, 3, 1.46634, 2, 2, 1.25276),
('status.thawte.com', 0, 0, 0, 1, 1, 1.94591),
('storagetos.datamart.windows.com', 1, 1, 2.56495, 0, 0, 0),
('storeconfig.mistat.intl.xiaomi.com', 5, 1, 2.56495, 0, 0, 0),
('sudf-api.hpcloud.hp.com', 1, 1, 2.56495, 0, 0, 0),
('sudf-resources.hpcloud.hp.com', 3, 1, 2.56495, 0, 0, 0),
('suggest.seznam.cz', 1, 1, 2.56495, 0, 0, 0),
('sync-457-us-west-2.sync.services.mozilla.com', 13, 1, 2.56495, 0, 0, 0),
('sync-tm.everesttech.net', 1, 1, 2.56495, 0, 0, 0),
('sync.adaptv.advertising.com', 1, 1, 2.56495, 0, 0, 0),
('sync.mathtag.com', 2, 2, 1.8718, 1, 1, 1.94591),
('sync.rhythmxchange.com', 1, 1, 2.56495, 0, 0, 0),
('sync.search.spotxchange.com', 1, 1, 2.56495, 0, 0, 0),
('sync.teads.tv', 1, 1, 2.56495, 0, 0, 0),
('syndication.twitter.com', 4, 3, 1.46634, 0, 0, 0),
('szxpunswrpp', 1, 1, 2.56495, 0, 0, 0),
('t.mookie1.com', 1, 1, 2.56495, 0, 0, 0),
('t.wayfair.com', 1, 1, 2.56495, 0, 0, 0),
('t0.gstatic.com', 1, 1, 2.56495, 0, 0, 0),
('t0.ssl.ak.dynamic.tiles.virtualearth.net', 1, 1, 2.56495, 0, 0, 0),
('t0.ssl.ak.tiles.virtualearth.net', 1, 1, 2.56495, 0, 0, 0),
('t1.ssl.ak.tiles.virtualearth.net', 1, 1, 2.56495, 0, 0, 0),
('t2.gstatic.com', 1, 1, 2.56495, 0, 0, 0),
('t2.ssl.ak.tiles.virtualearth.net', 1, 1, 2.56495, 0, 0, 0),
('t2.symcb.com', 2, 2, 1.8718, 0, 0, 0),
('t3.ssl.ak.tiles.virtualearth.net', 1, 1, 2.56495, 0, 0, 0),
('tag.getdrip.com', 1, 1, 2.56495, 0, 0, 0),
('tags.bluekai.com', 1, 1, 2.56495, 0, 0, 0),
('tajs.qq.com', 1, 1, 2.56495, 0, 0, 0),
('tak.cesnet.cz', 5, 1, 2.56495, 0, 0, 0),
('tap-s.rubiconproject.com', 1, 1, 2.56495, 0, 0, 0),
('tap-secure.rubiconproject.com', 1, 1, 2.56495, 0, 0, 0),
('tap2-cdn.rubiconproject.com', 2, 1, 2.56495, 0, 0, 0),
('tapestry.tapad.com', 1, 1, 2.56495, 0, 0, 0),
('test.cpex.cz', 1, 1, 2.56495, 0, 0, 0),
('themes.googleusercontent.com', 1, 1, 2.56495, 0, 0, 0),
('ti.symcd.com', 1, 1, 2.56495, 0, 0, 0),
('tik.cesnet.cz', 5, 1, 2.56495, 0, 0, 0),
('tile-service.weather.microsoft.com', 5, 2, 1.8718, 0, 0, 0),
('tishpsh', 0, 0, 0, 1, 1, 1.94591),
('tj.symcb.com', 1, 1, 2.56495, 0, 0, 0),
('tj.symcd.com', 2, 1, 2.56495, 0, 0, 0),
('token.services.mozilla.com', 14, 1, 2.56495, 0, 0, 0),
('tools.google.com', 1, 1, 2.56495, 0, 0, 0),
('topspyingapps.com', 1, 1, 2.56495, 0, 0, 0),
('tp.akam.nflximg.com', 0, 0, 0, 1, 1, 1.94591),
('tpc.googlesyndication.com', 2, 2, 1.8718, 2, 2, 1.25276),
('track.adform.net', 2, 2, 1.8718, 2, 2, 1.25276),
('track.ai.xiaomi.com', 2, 1, 2.56495, 0, 0, 0),
('trackad.cz', 0, 0, 0, 2, 2, 1.25276),
('tracking.intl.miui.com', 2, 1, 2.56495, 0, 0, 0),
('tracking.m6r.eu', 0, 0, 0, 1, 1, 1.94591),
('translate.google.com', 3, 3, 1.46634, 0, 0, 0),
('translate.googleapis.com', 10, 5, 0.955511, 0, 0, 0),
('trk.i0.cz', 1, 1, 2.56495, 0, 0, 0),
('trk.id-economia.cz', 1, 1, 2.56495, 0, 0, 0),
('tsfe.trafficshaping.dsp.mp.microsoft.com', 1, 1, 2.56495, 0, 0, 0),
('tt.onthe.io', 1, 1, 2.56495, 1, 1, 1.94591),
('twitter.com', 2, 1, 2.56495, 0, 0, 0),
('twpsmnqgxhveb', 1, 1, 2.56495, 0, 0, 0),
('ucbifcu', 1, 1, 2.56495, 0, 0, 0),
('udgcppposzumrj', 1, 1, 2.56495, 0, 0, 0),
('ujxyogelo', 1, 1, 2.56495, 0, 0, 0),
('umengjmacs.m.taobao.com', 2, 1, 2.56495, 0, 0, 0),
('update.googleapis.com', 3, 3, 1.46634, 0, 0, 0),
('upload.wikimedia.org', 1, 1, 2.56495, 0, 0, 0),
('urs.smartscreen.microsoft.com', 1, 1, 2.56495, 0, 0, 0),
('us-u.openx.net', 1, 1, 2.56495, 0, 0, 0),
('us.find.api.micloud.xiaomi.net', 1, 1, 2.56495, 0, 0, 0),
('us.wifiapi.micloud.xiaomi.net', 1, 1, 2.56495, 0, 0, 0),
('user-images.githubusercontent.com', 0, 0, 0, 1, 1, 1.94591),
('usync.nexage.com', 1, 1, 2.56495, 0, 0, 0),
('ut.performax.cz', 1, 1, 2.56495, 0, 0, 0),
('v10.vortex-win.data.microsoft.com', 2, 2, 1.8718, 0, 0, 0),
('v2.zopim.com', 1, 1, 2.56495, 0, 0, 0),
('vars.hotjar.com', 1, 1, 2.56495, 0, 0, 0),
('vectmap.mapy.cz', 1, 1, 2.56495, 1, 1, 1.94591),
('venuemaps.virtualearth.net', 1, 1, 2.56495, 0, 0, 0),
('versioncheck-bg.addons.mozilla.org', 1, 1, 2.56495, 0, 0, 0),
('visitor.crm2.qq.com', 1, 1, 2.56495, 0, 0, 0),
('visualstudio-devdiv-c2s.msedge.net', 2, 1, 2.56495, 0, 0, 0),
('vk.com', 3, 1, 2.56495, 0, 0, 0),
('vortex.data.microsoft.com', 1, 1, 2.56495, 0, 0, 0),
('vpn.vutbr.cz', 0, 0, 0, 2, 1, 1.94591),
('vterzkhjgckhe', 1, 1, 2.56495, 0, 0, 0),
('watson.telemetry.microsoft.com', 0, 0, 0, 1, 1, 1.94591),
('wdcp.microsoft.com', 1, 1, 2.56495, 0, 0, 0),
('weatherapi.market.xiaomi.com', 4, 2, 1.8718, 1, 1, 1.94591),
('whp-aus2.cold.extweb.hp.com', 1, 1, 2.56495, 0, 0, 0),
('win10.ipv6.microsoft.com', 10, 1, 2.56495, 0, 0, 0),
('wpa.b.qq.com', 1, 1, 2.56495, 0, 0, 0),
('wpl.b.qq.com', 1, 1, 2.56495, 0, 0, 0),
('wsandroid.circlegate.com', 1, 1, 2.56495, 0, 0, 0),
('ww5.banana-pi-shop.com', 2, 1, 2.56495, 0, 0, 0),
('www-gm-opensocial.googleusercontent.com', 1, 1, 2.56495, 0, 0, 0),
('www-opensocial.googleusercontent.com', 1, 1, 2.56495, 0, 0, 0),
('www.agem.cz', 5, 1, 2.56495, 0, 0, 0),
('www.alansvejk.com', 1, 1, 2.56495, 0, 0, 0),
('www.aliexpress.com', 3, 1, 2.56495, 0, 0, 0),
('www.allchips.com', 1, 1, 2.56495, 0, 0, 0),
('www.allnet.at', 4, 1, 2.56495, 0, 0, 0),
('www.alternate.de', 3, 1, 2.56495, 0, 0, 0),
('www.amazon.com', 1, 1, 2.56495, 0, 0, 0),
('www.annonce.cz', 1, 1, 2.56495, 0, 0, 0),
('www.armboard.de', 2, 1, 2.56495, 0, 0, 0),
('www.banana-pi-shop.com', 6, 1, 2.56495, 0, 0, 0),
('www.banana-pi.net', 1, 1, 2.56495, 0, 0, 0),
('www.banana-pi.org', 1, 1, 2.56495, 0, 0, 0),
('www.bing.com', 3, 2, 1.8718, 0, 0, 0),
('www.blesk.cz', 1, 1, 2.56495, 0, 0, 0),
('www.conrad.de', 1, 1, 2.56495, 0, 0, 0),
('www.czc.cz', 1, 1, 2.56495, 0, 0, 0),
('www.evernote.com', 1, 1, 2.56495, 0, 0, 0),
('www.facebook.com', 8, 3, 1.46634, 2, 2, 1.25276),
('www.goodreads.com', 1, 1, 2.56495, 0, 0, 0),
('www.google-analytics.com', 5, 4, 1.17866, 3, 2, 1.25276),
('www.google.com', 90, 10, 0.262364, 14, 5, 0.336472),
('www.google.cz', 22, 9, 0.367725, 2, 2, 1.25276),
('www.googleadservices.com', 3, 3, 1.46634, 2, 2, 1.25276),
('www.googleapis.com', 35, 9, 0.367725, 8, 4, 0.559616),
('www.googletagmanager.com', 4, 3, 1.46634, 6, 2, 1.25276),
('www.googletagservices.com', 1, 1, 2.56495, 0, 0, 0),
('www.gstatic.com', 12, 7, 0.619039, 1, 1, 1.94591),
('www.hamty.cz', 2, 1, 2.56495, 0, 0, 0),
('www.heureka.cz', 7, 1, 2.56495, 0, 0, 0),
('www.howsmyssl.com', 1, 1, 2.56495, 0, 0, 0),
('www.huramobil.cz', 1, 1, 2.56495, 0, 0, 0),
('www.idnes.cz', 0, 0, 0, 1, 1, 1.94591),
('www.idsjmk.cz', 1, 1, 2.56495, 0, 0, 0),
('www.knowhowtec.de', 2, 1, 2.56495, 0, 0, 0),
('www.lidl.cz', 1, 1, 2.56495, 0, 0, 0),
('www.linkedin.com', 1, 1, 2.56495, 0, 0, 0),
('www.maker-shop.nl', 2, 1, 2.56495, 0, 0, 0),
('www.malwaredomainlist.com', 1, 1, 2.56495, 0, 0, 0),
('www.mobilmania.cz', 1, 1, 2.56495, 0, 0, 0),
('www.msftconnecttest.com', 4, 2, 1.8718, 1, 1, 1.94591),
('www.newsweek.com', 1, 1, 2.56495, 0, 0, 0),
('www.odpovedi.cz', 1, 1, 2.56495, 0, 0, 0),
('www.paypal.com', 1, 1, 2.56495, 0, 0, 0),
('www.rasppishop.de', 4, 1, 2.56495, 0, 0, 0),
('www.rlx.sk', 1, 1, 2.56495, 0, 0, 0),
('www.rothirsch.tech', 2, 1, 2.56495, 0, 0, 0),
('www.seznam.cz', 1, 1, 2.56495, 0, 0, 0),
('www.tannatechbiz.com', 1, 1, 2.56495, 0, 0, 0),
('www.theguardian.com', 1, 1, 2.56495, 0, 0, 0),
('www.tme.eu', 1, 1, 2.56495, 0, 0, 0),
('www.ubnt.com', 0, 0, 0, 2, 1, 1.94591),
('www.varia.org', 6, 1, 2.56495, 0, 0, 0),
('www.xda-developers.com', 1, 1, 2.56495, 0, 0, 0),
('www.youtube.com', 3, 2, 1.8718, 1, 1, 1.94591),
('www.zbozi.cz', 1, 1, 2.56495, 0, 0, 0),
('www.zive.cz', 1, 1, 2.56495, 0, 0, 0),
('wzrkt.com', 7, 1, 2.56495, 0, 0, 0),
('x', 1, 1, 2.56495, 0, 0, 0),
('xaapi.xamarin.com', 2, 1, 2.56495, 0, 0, 0),
('xtrapath3.izatcloud.net', 1, 1, 2.56495, 0, 0, 0),
('youtubei.googleapis.com', 1, 1, 2.56495, 0, 0, 0),
('yt3.ggpht.com', 2, 2, 1.8718, 0, 0, 0),
('z-p4-scontent.xx.fbcdn.net', 1, 1, 2.56495, 0, 0, 0),
('zbozi.cz', 1, 1, 2.56495, 0, 0, 0),
('zpravy.aktualne.cz', 1, 1, 2.56495, 0, 0, 0),
('zrk.imgur.com', 3, 1, 2.56495, 0, 0, 0);

-- --------------------------------------------------------

--
-- Structure of the table `mobiles`
--

CREATE TABLE `mobiles` (
  `mac_address` varchar(17) NOT NULL,
  `IP_ds1` varchar(15) DEFAULT NULL,
  `number_of_qry_ds1` int(11) NOT NULL DEFAULT '0',
  `diff_qry_ds1` int(11) NOT NULL DEFAULT '0',
  `IP_ds2` varchar(15) DEFAULT NULL,
  `number_of_qry_ds2` int(11) NOT NULL DEFAULT '0',
  `diff_qry_ds2` int(11) NOT NULL DEFAULT '0'
) ENGINE=InnoDB DEFAULT CHARSET=utf8mb4;

--
-- Data for table `mobiles`
--

INSERT INTO `mobiles` (`mac_address`, `IP_ds1`, `number_of_qry_ds1`, `diff_qry_ds1`, `IP_ds2`, `number_of_qry_ds2`, `diff_qry_ds2`) VALUES
('00:22:69:6f:34:57', NULL, 0, 0, NULL, 0, 0),
('00:28:f8:7c:bd:34', NULL, 0, 0, NULL, 0, 0),
('00:f8:6b:22:f4:27', NULL, 0, 0, NULL, 0, 0),
('08:11:96:86:9d:fc', '10.42.0.199', 16, 5, NULL, 0, 0),
('0c:8b:fd:7b:5e:03', NULL, 0, 0, '192.168.42.157', 18, 9),
('10:02:b5:db:a1:19', '10.42.0.232', 553, 235, NULL, 0, 0),
('10:30:47:67:e1:bb', '10.42.0.97', 89, 74, '192.168.42.151', 61, 19),
('10:30:47:a3:6b:e5', '10.42.0.162', 75, 32, NULL, 0, 0),
('14:a5:1a:d7:fb:2f', NULL, 0, 0, NULL, 0, 0),
('18:21:95:a9:17:13', NULL, 0, 0, NULL, 0, 0),
('40:40:a7:ba:5f:73', '10.42.0.205', 98, 50, '192.168.42.76', 79, 73),
('48:86:e8:4c:e3:88', NULL, 0, 0, NULL, 0, 0),
('70:28:8b:a3:eb:a3', '10.42.0.156', 34, 14, '192.168.42.82', 31, 18),
('8c:be:be:0e:3e:2a', '10.42.0.253', 594, 157, NULL, 0, 0),
('a0:10:81:64:19:b4', NULL, 0, 0, NULL, 0, 0),
('a0:10:81:64:24:f6', NULL, 0, 0, NULL, 0, 0),
('a0:88:69:10:8e:52', NULL, 0, 0, NULL, 0, 0),
('a4:70:d6:c8:9c:c0', '10.42.0.171', 31, 20, NULL, 0, 0),
('b4:6d:83:ba:82:ae', NULL, 0, 0, '192.168.42.1', 0, 0),
('b4:e1:c4:56:14:c0', '10.42.0.100', 191, 172, '192.168.42.41', 24, 23),
('c0:ee:fb:59:ad:72', '10.42.0.134', 54, 25, '192.168.42.77', 3, 1),
('c8:25:e1:49:35:7c', '10.42.0.76', 278, 158, '192.168.42.16', 115, 103),
('cc:fd:17:e7:10:d5', NULL, 0, 0, NULL, 0, 0),
('d8:80:3c:08:fd:f9', '10.42.0.161', 4, 4, NULL, 0, 0),
('dc:66:72:c5:dd:9f', '10.42.0.85', 159, 58, NULL, 0, 0),
('e4:92:fb:b4:46:04', NULL, 0, 0, NULL, 0, 0),
('ec:d0:9f:3c:8d:d4', NULL, 0, 0, NULL, 0, 0),
('f8:32:e4:3f:ad:04', NULL, 0, 0, NULL, 0, 0);

--
-- Keys for the tables
--

--
-- Table `dataset1`
--
ALTER TABLE `dataset1`
  ADD PRIMARY KEY (`mac_address`,`dns_query`),
  ADD KEY `FK_dns_dotaz` (`dns_query`);

--
-- Table `dataset2`
--
ALTER TABLE `dataset2`
  ADD PRIMARY KEY (`mac_address`,`dns_query`),
  ADD KEY `FK_dns_dotaz_ds2` (`dns_query`);

--
-- Table `DNS_queries`
--
ALTER TABLE `DNS_queries`
  ADD PRIMARY KEY (`dns_query`);

--
-- Table `mobiles`
--
ALTER TABLE `mobiles`
  ADD PRIMARY KEY (`mac_address`);

--
-- Restrictions for the tables
--

--
-- Table `dataset1`
--
ALTER TABLE `dataset1`
  ADD CONSTRAINT `FK_dns_dotaz` FOREIGN KEY (`dns_query`) REFERENCES `DNS_queries` (`dns_query`),
  ADD CONSTRAINT `FK_mobil_mac` FOREIGN KEY (`mac_address`) REFERENCES `mobiles` (`mac_address`);

--
-- Table `dataset2`
--
ALTER TABLE `dataset2`
  ADD CONSTRAINT `FK_dns_dotaz_ds2` FOREIGN KEY (`dns_query`) REFERENCES `DNS_queries` (`dns_query`),
  ADD CONSTRAINT `FK_mobil_mac_ds2` FOREIGN KEY (`mac_address`) REFERENCES `mobiles` (`mac_address`);

/*!40101 SET CHARACTER_SET_CLIENT=@OLD_CHARACTER_SET_CLIENT */;
/*!40101 SET CHARACTER_SET_RESULTS=@OLD_CHARACTER_SET_RESULTS */;
/*!40101 SET COLLATION_CONNECTION=@OLD_COLLATION_CONNECTION */;
